-- ============================================================
-- 0002_seed_2026.sql  —  migrate the real 2026 league into Supabase
-- Run AFTER 0001_schema.sql.
-- Profiles are backfilled directly so 2026 history exists immediately;
-- link real Auth ids to these by email at first login (see README).
-- ============================================================

insert into seasons (id, year, name, status) values
  ('00000000-0000-0000-0000-000000002026', 2026, '2026 Season', 'active')
  on conflict (year) do nothing;

insert into golfers (espn_id, name, world_rank) values
  ('9478', 'Scottie Scheffler', 1),
  ('3470', 'Rory McIlroy', 2),
  ('4425906', 'Cameron Young', 3),
  ('9037', 'Matt Fitzpatrick', 4),
  ('5409', 'Russell Henley', 5),
  ('5539', 'Tommy Fleetwood', 6),
  ('569', 'Justin Rose', 7),
  ('9780', 'Jon Rahm', 8),
  ('10166', 'J.J. Spaun', 9),
  ('10592', 'Collin Morikawa', 10),
  ('4690755', 'Chris Gotterup', 11),
  ('10140', 'Xander Schauffele', 12),
  ('4375972', 'Ludvig Åberg', 13),
  ('10906', 'Aaron Rai', 14),
  ('4404992', 'Ben Griffin', 15),
  ('4848', 'Justin Thomas', 16),
  ('11378', 'Robert MacIntyre', 17),
  ('7081', 'Si Woo Kim', 18),
  ('8961', 'Sepp Straka', 19),
  ('3832', 'Alex Noren', 20),
  ('5553', 'Tyrrell Hatton', 21),
  ('5408', 'Harris English', 22),
  ('5076021', 'Ryan Gerard', 23),
  ('5860', 'Hideki Matsuyama', 24),
  ('5054388', 'Jacob Bridgeman', 25),
  ('4348470', 'Kristoffer Reitan', 26),
  ('5579', 'Patrick Reed', 27),
  ('4364873', 'Viktor Hovland', 28),
  ('4419142', 'Akshay Bhatia', 29),
  ('9938', 'Sam Burns', 30),
  ('10364', 'Kurt Kitayama', 31),
  ('10046', 'Bryson DeChambeau', 32),
  ('11250', 'Nicolai Højgaard', 33),
  ('11119', 'Wyndham Clark', 34),
  ('4410932', 'Min Woo Lee', 35),
  ('6007', 'Patrick Cantlay', 36),
  ('9530', 'Maverick McNealy', 37),
  ('10505', 'J.T. Poston', 38),
  ('4513', 'Keegan Bradley', 39),
  ('5338', 'Bud Cauley', 40),
  ('3702', 'Rickie Fowler', 41),
  ('9484', 'Alex Smalley', 42),
  ('9843', 'Jake Knapp', 43),
  ('4587', 'Shane Lowry', 44),
  ('3550', 'Gary Woodland', 45),
  ('9025', 'Daniel Berger', 46),
  ('1680', 'Jason Day', 47),
  ('4585549', 'Marco Penge', 48),
  ('388', 'Adam Scott', 49),
  ('8974', 'Michael Kim', 50),
  ('5467', 'Jordan Spieth', 51),
  ('4408316', 'Nico Echavarria', 52),
  ('4901368', 'Matt McCarty', 53),
  ('4426181', 'Sam Stevens', 54),
  ('4251', 'Ryan Fox', 55),
  ('9126', 'Corey Conners', 56),
  ('4895429', 'David Puig', 57),
  ('4837368', 'Pierceson Coody', 58),
  ('1225', 'Brian Harman', 59),
  ('4921329', 'Michael Brennan', 60),
  ('11332', 'Andrew Novak', 61),
  ('4858572', 'Ryo Hisatsune', 62),
  ('3792', 'Nick Taylor', 63),
  ('10522', 'Eric Cole', 64),
  ('4585548', 'Sami Välimäki', 65),
  ('4589438', 'Harry Hall', 66),
  ('4837', 'Thomas Detry', 67),
  ('11101', 'Max Greyserman', 68),
  ('4364865', 'Alex Fitzpatrick', 69),
  ('4604053', 'Jayden Schaper', 70),
  ('4566443', 'Matti Schmid', 71),
  ('9506', 'Jordan Smith', 72),
  ('5080439', 'Aldrich Potgieter', 73),
  ('11382', 'Sungjae Im', 74),
  ('5217048', 'Johnny Keefer', 75),
  ('11253', 'Rasmus Højgaard', 76),
  ('4425904', 'Michael Thorbjornsen', 77),
  ('4610056', 'Casey Jarvis', 78),
  ('10548', 'Matt Wallace', 79),
  ('11099', 'Joaquín Niemann', 80),
  ('6825', 'Patrick Rodgers', 81),
  ('4858859', 'Rasmus Neergaard-Petersen', 82),
  ('10980', 'Sahith Theegala', 83),
  ('4565467', 'Eugenio Chacarra', 84),
  ('5502', 'Andrew Putnam', 85),
  ('5057', 'Shaun Norris', 86),
  ('4791222', 'Mac Meissner', 87),
  ('10343', 'Lucas Herbert', 88),
  ('11385', 'Rico Hoey', 89),
  ('9221', 'Haotong Li', 90),
  ('4425899', 'Daniel Hillier', 91),
  ('9658', 'Taylor Pendrith', 92),
  ('4691931', 'Ricky Castillo', 93),
  ('9243', 'Christiaan Bezuidenhout', 94),
  ('11056', 'Austin Smotherman', 95),
  ('5143175', 'Sudarshan Yellamaraju', 96),
  ('6937', 'Stephan Jaeger', 97),
  ('11393', 'Garrick Higgo', 98),
  ('11383', 'Max McGreevy', 99),
  ('8906', 'Keith Mitchell', 100),
  ('5312609', 'Kota Kaneko', 101),
  ('4671', 'John Parry', 102),
  ('10054', 'Denny McCarthy', 103),
  ('5211425', 'Blades Brown', 104),
  ('6701', 'David Lipsky', 105),
  ('3449', 'Chris Kirk', 106),
  ('676', 'Lucas Glover', 107),
  ('6086', 'Tom Hoge', 108),
  ('2230', 'Tony Finau', 109),
  ('6798', 'Brooks Koepka', 110),
  ('5105333', 'Angel Ayora', 111),
  ('4618114', 'Chandler Blanchet', 112),
  ('8973', 'Max Homa', 113),
  ('4714133', 'Elvis Smylie', 114),
  ('6962', 'Adrien Saddier', 115),
  ('5882', 'Emiliano Grillo', 116),
  ('1499', 'Richard Sterne', 117),
  ('4426182', 'Steven Fisk', 118),
  ('1407', 'Daniel Brown', 119),
  ('4349547', 'Kevin Yu', 120),
  ('9143', 'Mark Hubbard', 121),
  ('5956', 'Andy Sullivan', 122),
  ('1222', 'Brandt Snedeker', 123),
  ('5152205', 'Josele Ballester', 124),
  ('10770', 'Oliver Lindell', 125),
  ('9525', 'Brian Campbell', 126),
  ('11448', 'Doc Redman', 127),
  ('4982182', 'Jackson Suber', 128),
  ('5217198', 'Jacob Skov Olesen', 129),
  ('5140', 'Thorbjørn Olesen', 130),
  ('5076025', 'William Mouw', 131),
  ('4699290', 'Mikael Lindberg', 132),
  ('4408320', 'Kevin Roy', 133),
  ('4699418', 'Keita Nakajima', 134),
  ('1651', 'Billy Horschel', 135),
  ('9131', 'Cameron Smith', 136),
  ('4348444', 'Tom McKibbin', 137),
  ('4602218', 'Davis Thompson', 138),
  ('9374', 'JC Ritchie', 139),
  ('6931', 'Mackenzie Hughes', 140),
  ('4602673', 'Tom Kim', 141),
  ('7169', 'Nacho Elvira', 142),
  ('11345', 'Travis Smyth', 143),
  ('10664', 'Taylor Moore', 144),
  ('5081630', 'Dan Bradbury', 145),
  ('10102', 'Calum Hill', 146),
  ('4408324', 'Ian Holt', 147),
  ('9963', 'Scott Vincent', 148),
  ('9240', 'Thriston Lawrence', 149),
  ('1030', 'Jhonattan Vegas', 150),
  ('5550', 'Laurie Canter', 151),
  ('4698579', 'S.H. Kim', 152),
  ('4410612', 'Takumi Kanaya', 153),
  ('9928', 'Marcus Armitage', 154),
  ('5102625', 'Martin Couvra', 155),
  ('6011', 'Beau Hossler', 156),
  ('10030', 'Zach Bauchou', 157),
  ('5007892', 'Davis Lamb', 158),
  ('4699329', 'Jesper Svensson', 159),
  ('10238', 'Davis Bryant', 160),
  ('4408315', 'Vince Whaley', 161),
  ('4404991', 'Lee Hodges', 162),
  ('4597553', 'Kazuki Higa', 163),
  ('10058', 'Davis Riley', 164),
  ('4691', 'Jorge Campillo', 165),
  ('158', 'Sergio García', 166),
  ('10372', 'Adam Schenk', 167),
  ('5076011', 'Adrien Dumont de Chassart', 168),
  ('10057', 'Chad Ramey', 169),
  ('4868733', 'Joe Highsmith', 170),
  ('5727', 'Joakim Lagergren', 171),
  ('4587989', 'Chandler Phillips', 172),
  ('5830', 'Dean Burmester', 173),
  ('257', 'Matt Kuchar', 174),
  ('11456', 'Doug Ghim', 175),
  ('1694', 'Julien Guerrier', 176),
  ('4425898', 'Austin Eckroat', 177),
  ('9364', 'Erik van Rooyen', 178),
  ('11143', 'Carson Young', 179),
  ('10595', 'Jeremy Gandon', 180),
  ('1674', 'Peter Uihlein', 181),
  ('5285', 'Byeong Hun An', 182),
  ('5075652', 'A.J. Ewart', 183),
  ('6922', 'Ben Kohles', 184),
  ('4317', 'Bernd Wiesberger', 185),
  ('9899', 'Hennie Du Plessis', 186),
  ('10838', 'Ewen Ferguson', 187),
  ('5532', 'Carlos Ortiz', 188),
  ('4036', 'Richard T. Lee', 189),
  ('5209442', 'Neal Shipley', 190),
  ('8889', 'Zecheng Dou', 191),
  ('6001', 'Séamus Power', 192),
  ('4425907', 'Alistair Docherty', 193),
  ('5214987', 'Cole Sherwood', 194),
  ('6958', 'Grant Forrest', 195),
  ('5147097', 'Karl Vilips', 196),
  ('1745', 'Anthony Kim', 197)
  on conflict (espn_id) do update set name=excluded.name, world_rank=excluded.world_rank;

insert into tournaments (id, season_id, ordinal, name, course, date_label, espn_event_id, is_major, picks_open, scored) values
  ('00000000-0000-0000-2026-000000000001', '00000000-0000-0000-0000-000000002026', 1, 'The American Express', 'PGA West - La Quinta CC', 'January 22nd - 25th', NULL, false, true, true),
  ('00000000-0000-0000-2026-000000000002', '00000000-0000-0000-0000-000000002026', 2, 'Farmers Insurance Open', 'Torrey Pines GC', 'January 29th - Feb. 1st', NULL, false, true, true),
  ('00000000-0000-0000-2026-000000000003', '00000000-0000-0000-0000-000000002026', 3, 'WM Phoenix Open', 'TPC Scottsdale - Stadium', 'February 5th - 8th', NULL, false, true, true),
  ('00000000-0000-0000-2026-000000000004', '00000000-0000-0000-0000-000000002026', 4, 'AT&T Pebble Beach Pro-Am', 'Pebble Beach / Spyglass Hill', 'February 12th - 15th', NULL, false, true, true),
  ('00000000-0000-0000-2026-000000000005', '00000000-0000-0000-0000-000000002026', 5, 'Genesis Invitational', 'Riviera CC', 'February 19th - 22nd', NULL, false, true, true),
  ('00000000-0000-0000-2026-000000000006', '00000000-0000-0000-0000-000000002026', 6, 'Arnold Palmer Invitational', 'Bay Hill Club', 'March 5th - 8th', NULL, false, true, true),
  ('00000000-0000-0000-2026-000000000007', '00000000-0000-0000-0000-000000002026', 7, 'The Players Championship', 'TPC Sawgrass', 'March 12th - 15th', NULL, false, true, true),
  ('00000000-0000-0000-2026-000000000008', '00000000-0000-0000-0000-000000002026', 8, 'Texas Children''s Houston Open', 'Memorial Park GC', 'March 26th - 29th', NULL, false, true, true),
  ('00000000-0000-0000-2026-000000000009', '00000000-0000-0000-0000-000000002026', 9, 'The Masters Tournament', 'Augusta National Golf Club', 'April 9th - 12th', NULL, true, true, true),
  ('00000000-0000-0000-2026-000000000010', '00000000-0000-0000-0000-000000002026', 10, 'RBC Heritage', 'Harbour Town Golf Links', 'April 16th - 19th', NULL, false, true, true),
  ('00000000-0000-0000-2026-000000000011', '00000000-0000-0000-0000-000000002026', 11, 'Miami Championship', 'Trump National Doral', 'April 30th - May 3rd', NULL, false, true, true),
  ('00000000-0000-0000-2026-000000000012', '00000000-0000-0000-0000-000000002026', 12, 'Truist Championship', 'Quail Hollow Club', 'May 7th - 10th', NULL, false, true, true),
  ('00000000-0000-0000-2026-000000000013', '00000000-0000-0000-0000-000000002026', 13, 'PGA Championship', 'Aronimink GC', 'May 14th - 17th', NULL, true, true, true),
  ('00000000-0000-0000-2026-000000000014', '00000000-0000-0000-0000-000000002026', 14, 'The Memorial Tournament', 'Muirfield Village GC', 'June 4th - 7th', NULL, false, true, true),
  ('00000000-0000-0000-2026-000000000015', '00000000-0000-0000-0000-000000002026', 15, 'US Open', 'Shinnecock Hills GC', 'June 18th - 21st', '401811928', true, false, false),
  ('00000000-0000-0000-2026-000000000016', '00000000-0000-0000-0000-000000002026', 16, 'Travelers Championship', 'TPC River Highlands', 'June 25th - 28th', NULL, false, false, false),
  ('00000000-0000-0000-2026-000000000017', '00000000-0000-0000-0000-000000002026', 17, 'Genesis Scottish Open', 'The Renaissance Club', 'July 9th - 12th', NULL, false, false, false),
  ('00000000-0000-0000-2026-000000000018', '00000000-0000-0000-0000-000000002026', 18, 'The Open Championship', 'Royal Birkdale', 'July 16th - 19th', NULL, true, false, false),
  ('00000000-0000-0000-2026-000000000019', '00000000-0000-0000-0000-000000002026', 19, '3M Open', 'TPC Twin Cities', 'Jul 20–26', NULL, false, false, false),
  ('00000000-0000-0000-2026-000000000020', '00000000-0000-0000-0000-000000002026', 20, 'Wyndham Championship', 'Sedgefield CC', 'August 6th - 9th', NULL, false, false, false)
  on conflict (season_id, ordinal) do nothing;

insert into profiles (id, name, email, is_admin) values
  ('cc10df77-5762-04a7-75b6-110f860fdae2', 'AJ Brey', 'aj.brey@league.test', false),
  ('d87274d1-3167-2638-af02-759ae3092aa2', 'Adam Bailey', 'adam.bailey@league.test', false),
  ('d05d4646-4813-d06e-07b3-1ea13835ab95', 'Adam Cooney', 'adam.cooney@league.test', false),
  ('11fa03ae-045b-6286-d030-69adc583428a', 'Andrew Moffitt', 'andrew.moffitt@league.test', false),
  ('cf3f1ca6-13a7-e907-f5c7-ee03bc1af1f0', 'Andrew Yenchick', 'andrew.yenchick@league.test', false),
  ('72a795f8-99e5-1dd0-7c33-7dd326f7942b', 'Andy Ostmark', 'andy.ostmark@league.test', false),
  ('2950df8e-20e7-1b52-82cc-9e9b1639a3c4', 'Blake Jensen', 'blake.jensen@league.test', false),
  ('368ec30b-2843-f3c5-6a5b-f478a95f3e9c', 'Brian Zullo', 'brian.zullo@league.test', false),
  ('581bbadb-4f2c-1f42-3f44-86a004d81408', 'Cameron Danforth', 'cameron.danforth@league.test', false),
  ('f4705209-0e46-cb87-3dba-c610529a3907', 'Casey Sato', 'casey.sato@league.test', false),
  ('27d51041-956b-438d-4700-d6665743721b', 'Chris Mendez', 'chris.mendez@league.test', false),
  ('dfd39b7d-b1b7-eaf5-c088-e19ac78b1042', 'Christian West', 'christian.west@league.test', false),
  ('38aa0f15-4f24-aaef-4465-c9a22ef25872', 'Cliff Snyder', 'cliff.snyder@league.test', false),
  ('75a5428c-a093-0061-5497-1f071e272449', 'Cody Roseborough', 'cody.roseborough@league.test', false),
  ('dbddd02f-8329-e241-4b10-37b7f4615807', 'Cooper Hanson', 'cooper.hanson@league.test', false),
  ('6f3a8c45-554b-9ff3-2ef7-56cb86857af4', 'Cory Ostmark', 'cory.ostmark@league.test', false),
  ('de198785-0213-bb99-dde5-bbc5556d37d9', 'Dakota Bailey', 'dakota.bailey@league.test', false),
  ('1dc4c568-f7a3-76f9-c80c-e47f7798c9ca', 'Damian Peterson', 'damian.peterson@league.test', false),
  ('ade8d947-a091-94f9-5aa2-e6cf35fbde0e', 'Danny Payne', 'danny.payne@league.test', false),
  ('70f4159e-58b1-a705-f295-2169dd1fd03c', 'Darin Oberg', 'darin.oberg@league.test', false),
  ('877d46ec-03e9-3265-1c82-645af49b136c', 'Dylan Cooley', 'dylan.cooley@league.test', false),
  ('ce3d20e0-efcb-6602-97f6-75f9f25a57cc', 'Graham Anderson', 'graham.anderson@league.test', false),
  ('21fbc935-d847-fabf-91d7-d64fb751c140', 'Gregg Roseborough', 'gregg.roseborough@league.test', false),
  ('a30934d2-925e-af77-1c25-7d02a3f873c3', 'Griffin Jensen', 'griffin.jensen@league.test', false),
  ('5c025fed-962e-cf21-559e-bdbf0850cc45', 'Hayden Griffiths', 'hayden.griffiths@league.test', false),
  ('60198d48-2ab8-623e-11b8-8f2b3329d6e2', 'Jack Furbush', 'jack.furbush@league.test', false),
  ('03ab2726-d317-ed2f-83a3-4a3d7c9fe867', 'Jake Woodward', 'jake.woodward@league.test', false),
  ('d008ca1a-cc27-6765-173a-718e844d4e3a', 'Jared Burton', 'jared.burton@league.test', false),
  ('365e70ff-dd7f-5d48-f246-17c1ec7ed237', 'Jared Peterson', 'jared.peterson@league.test', false),
  ('8bddca31-bf1d-aead-aa15-38a0d91c82d1', 'Jason Glad', 'jason.glad@league.test', false),
  ('715741de-2e9a-aa1f-a771-e0b2c4507e28', 'Jayden Eakett', 'jayden.eakett@league.test', false),
  ('c66049b4-3989-ff03-b88f-89e6236b3b2e', 'Jed Smith', 'jed.smith@league.test', false),
  ('fa343993-cb90-ed1e-c355-8dce22339b47', 'Jeff Lots', 'jeff.lots@league.test', false),
  ('9fdb913b-c8dc-7656-d460-e0a8fde2cd47', 'Jonah Robles', 'jonah.robles@league.test', false),
  ('74c37194-9b2d-15ba-dd10-974346f3370d', 'Kevan Hodson', 'kevan.hodson@league.test', false),
  ('65ebb41d-ba2f-188b-bdbe-119fc1cefb77', 'Kurt Brey', 'kurt.brey@league.test', false),
  ('10a47ae1-fecf-464a-1fa8-66c67aa2f698', 'Matt Campbell', 'matt.campbell@league.test', false),
  ('188cc99d-7468-2af8-6c81-15121b523889', 'Matt Irvin', 'matt.irvin@league.test', false),
  ('372e7bec-cb0e-65c6-d919-16d95ee32436', 'Matt Jensen', 'matt.jensen@league.test', false),
  ('f5202721-2f9c-afe3-660d-623bbac1d729', 'Michael Hodson', 'michael.hodson@league.test', false),
  ('acae115a-a08a-0874-c05d-a74d2eb812e0', 'Mike Sato', 'mike.sato@league.test', true),
  ('cbc6e19b-7554-f790-ec53-36de06cd67ac', 'Miles Jensen', 'miles.jensen@league.test', false),
  ('d4ee9851-2929-3675-8cd3-3367685bf703', 'Mitch Dunn', 'mitch.dunn@league.test', false),
  ('c817296f-8510-fc2d-5063-8cc75140afad', 'Natalie Sato', 'natalie.sato@league.test', false),
  ('f11e69d1-b703-a757-e474-3b2d134a0d25', 'Nate Sato', 'nate.sato@league.test', true),
  ('5579d77c-0a1c-8a55-d6c7-ea4958e3362e', 'Otto Carter', 'otto.carter@league.test', false),
  ('fad73cd4-2aaf-6e3e-cd0f-6174473fb3e7', 'Reggie Jones', 'reggie.jones@league.test', false),
  ('8dceb561-ba37-51ba-4e3f-fb2b6b0b26b8', 'Riley Pack', 'riley.pack@league.test', false),
  ('b60706cf-8361-64d9-ad67-4214350e9f8a', 'Ryan Judd', 'ryan.judd@league.test', false),
  ('03937bd2-7836-f78d-067e-42f265c541f2', 'Samuel Spainhower', 'samuel.spainhower@league.test', false),
  ('51ff7b17-ade0-feae-a1c1-aab3cb9bc9cc', 'Stacy Harbertson', 'stacy.harbertson@league.test', false),
  ('cdad9d5c-1a62-3d7f-6ad0-4c78f0b91d3f', 'Stephen Rodgers', 'stephen.rodgers@league.test', false),
  ('6b9e90d4-ad74-8f49-e22c-69c549ebbd52', 'Steve Harbertson', 'steve.harbertson@league.test', false),
  ('eb604588-08ca-c799-c14a-0f7df892117c', 'Trent Hymas', 'trent.hymas@league.test', false),
  ('501e22a1-148f-6e39-d7ed-4781c3b7f2b8', 'Trevor Erickson', 'trevor.erickson@league.test', false),
  ('0c908b53-42c2-a8e5-4228-c1a1c59e7263', 'Trevor Uptain', 'trevor.uptain@league.test', false),
  ('0b8e8263-b59a-0303-9725-cfac540605ad', 'Tyler Cichos', 'tyler.cichos@league.test', false),
  ('1d8ce5be-868c-e440-b23f-1c80d2f4e05c', 'Tyler Hanson', 'tyler.hanson@league.test', false),
  ('09969d73-30ed-b8b3-ed4e-20094341f34c', 'Whitney Roseborough', 'whitney.roseborough@league.test', false),
  ('ba090ebf-3587-ca71-fbec-def44e62f1a9', 'Zach Jones', 'zach.jones@league.test', false)
  on conflict (email) do nothing;

insert into season_entries (id, season_id, profile_id, status) values
  ('0faaad79-582e-6088-3a67-1ed9b222b1a8', '00000000-0000-0000-0000-000000002026', 'cc10df77-5762-04a7-75b6-110f860fdae2', 'active'),
  ('1f2da3a8-1b65-9e0c-e709-d2a9688fc94e', '00000000-0000-0000-0000-000000002026', 'd87274d1-3167-2638-af02-759ae3092aa2', 'active'),
  ('370b2a0f-70df-ef2d-d076-54719e0c55ad', '00000000-0000-0000-0000-000000002026', 'd05d4646-4813-d06e-07b3-1ea13835ab95', 'active'),
  ('dff683e6-18ff-112b-47a2-ac01066a962f', '00000000-0000-0000-0000-000000002026', '11fa03ae-045b-6286-d030-69adc583428a', 'active'),
  ('e9ca11b1-4760-6d18-4910-a0247ac72a99', '00000000-0000-0000-0000-000000002026', 'cf3f1ca6-13a7-e907-f5c7-ee03bc1af1f0', 'active'),
  ('aa958b9d-4e28-b021-ba6a-5144715486e0', '00000000-0000-0000-0000-000000002026', '72a795f8-99e5-1dd0-7c33-7dd326f7942b', 'active'),
  ('5013eec4-5d66-7f4b-e352-7d2a7e41e04d', '00000000-0000-0000-0000-000000002026', '2950df8e-20e7-1b52-82cc-9e9b1639a3c4', 'active'),
  ('c2ef5edf-99ec-4dc1-c92b-729608b927b4', '00000000-0000-0000-0000-000000002026', '368ec30b-2843-f3c5-6a5b-f478a95f3e9c', 'active'),
  ('7533f7cc-7697-d093-78c3-81fc7a27765b', '00000000-0000-0000-0000-000000002026', '581bbadb-4f2c-1f42-3f44-86a004d81408', 'active'),
  ('903d2f73-eeb5-344f-5e6d-e8a8b54559ee', '00000000-0000-0000-0000-000000002026', 'f4705209-0e46-cb87-3dba-c610529a3907', 'active'),
  ('66406abc-d765-8457-91ed-740e00afcba9', '00000000-0000-0000-0000-000000002026', '27d51041-956b-438d-4700-d6665743721b', 'active'),
  ('582e9541-ac9f-c27d-4110-a4155e1f2e47', '00000000-0000-0000-0000-000000002026', 'dfd39b7d-b1b7-eaf5-c088-e19ac78b1042', 'active'),
  ('52c3a4f6-f8d2-3d19-0dd0-261675c39fc8', '00000000-0000-0000-0000-000000002026', '38aa0f15-4f24-aaef-4465-c9a22ef25872', 'active'),
  ('cc831a30-808b-cf0b-8eaf-79fd1d9db9e4', '00000000-0000-0000-0000-000000002026', '75a5428c-a093-0061-5497-1f071e272449', 'active'),
  ('edf27124-4fa2-f000-bae9-e2b1b9db6340', '00000000-0000-0000-0000-000000002026', 'dbddd02f-8329-e241-4b10-37b7f4615807', 'active'),
  ('bc9b6116-f94c-853f-66f8-225dc54ca4a1', '00000000-0000-0000-0000-000000002026', '6f3a8c45-554b-9ff3-2ef7-56cb86857af4', 'active'),
  ('81b99b25-ff74-4d94-3e36-0c88e959697b', '00000000-0000-0000-0000-000000002026', 'de198785-0213-bb99-dde5-bbc5556d37d9', 'active'),
  ('9b657fce-36bc-a945-38b8-7e234654ac5e', '00000000-0000-0000-0000-000000002026', '1dc4c568-f7a3-76f9-c80c-e47f7798c9ca', 'active'),
  ('f6846820-f1c9-5ff9-a1c2-a39722eeb658', '00000000-0000-0000-0000-000000002026', 'ade8d947-a091-94f9-5aa2-e6cf35fbde0e', 'active'),
  ('fdaf588c-41f3-e2c8-7970-5f76bc3624c8', '00000000-0000-0000-0000-000000002026', '70f4159e-58b1-a705-f295-2169dd1fd03c', 'active'),
  ('9c383307-7850-de0f-ea96-d3075a592709', '00000000-0000-0000-0000-000000002026', '877d46ec-03e9-3265-1c82-645af49b136c', 'active'),
  ('e42c1511-1cd8-1cfd-9ea7-f35bdd8bb50b', '00000000-0000-0000-0000-000000002026', 'ce3d20e0-efcb-6602-97f6-75f9f25a57cc', 'active'),
  ('9885656a-24df-f2b5-5fe9-6e40075c3e64', '00000000-0000-0000-0000-000000002026', '21fbc935-d847-fabf-91d7-d64fb751c140', 'active'),
  ('f43cd1f5-cf39-75a0-1df5-6043a7766df5', '00000000-0000-0000-0000-000000002026', 'a30934d2-925e-af77-1c25-7d02a3f873c3', 'active'),
  ('217f64df-0cd4-745b-8d26-4bb377a3afef', '00000000-0000-0000-0000-000000002026', '5c025fed-962e-cf21-559e-bdbf0850cc45', 'active'),
  ('b6477a90-64cc-62a0-5313-744618b9d51b', '00000000-0000-0000-0000-000000002026', '60198d48-2ab8-623e-11b8-8f2b3329d6e2', 'active'),
  ('4da3fe68-4318-9e5a-4373-bffa76fc9b67', '00000000-0000-0000-0000-000000002026', '03ab2726-d317-ed2f-83a3-4a3d7c9fe867', 'active'),
  ('09bf7a54-a1cd-ae56-6d0f-0d876cbd29bc', '00000000-0000-0000-0000-000000002026', 'd008ca1a-cc27-6765-173a-718e844d4e3a', 'active'),
  ('152b69fc-e255-d6ec-518f-e5a5fd17098f', '00000000-0000-0000-0000-000000002026', '365e70ff-dd7f-5d48-f246-17c1ec7ed237', 'active'),
  ('e29355b9-5b62-0cd9-255a-84f58c371cdb', '00000000-0000-0000-0000-000000002026', '8bddca31-bf1d-aead-aa15-38a0d91c82d1', 'active'),
  ('6b7b41ad-271b-e4f5-ab12-e5a743cbd7c9', '00000000-0000-0000-0000-000000002026', '715741de-2e9a-aa1f-a771-e0b2c4507e28', 'active'),
  ('0adca672-589b-d226-777d-9fb5db50f6ca', '00000000-0000-0000-0000-000000002026', 'c66049b4-3989-ff03-b88f-89e6236b3b2e', 'active'),
  ('540b3f0a-beae-6690-ebf0-c6db58bc5596', '00000000-0000-0000-0000-000000002026', 'fa343993-cb90-ed1e-c355-8dce22339b47', 'active'),
  ('7a3eb875-cb84-59a3-6fd6-d138a9b9f79f', '00000000-0000-0000-0000-000000002026', '9fdb913b-c8dc-7656-d460-e0a8fde2cd47', 'active'),
  ('0ad501ad-7fd5-3579-2cda-2b2bfc0f9219', '00000000-0000-0000-0000-000000002026', '74c37194-9b2d-15ba-dd10-974346f3370d', 'active'),
  ('7c5db95e-c002-f0db-3ced-dbe9ccc918b2', '00000000-0000-0000-0000-000000002026', '65ebb41d-ba2f-188b-bdbe-119fc1cefb77', 'active'),
  ('7d3ea0a2-f159-5e63-dbc3-a20a62636560', '00000000-0000-0000-0000-000000002026', '10a47ae1-fecf-464a-1fa8-66c67aa2f698', 'active'),
  ('acebcafe-dfab-ad96-61eb-bc89ead27b8b', '00000000-0000-0000-0000-000000002026', '188cc99d-7468-2af8-6c81-15121b523889', 'active'),
  ('25098322-8d34-a224-b7c4-03e3cdfd4889', '00000000-0000-0000-0000-000000002026', '372e7bec-cb0e-65c6-d919-16d95ee32436', 'active'),
  ('c9ca1efb-4836-f755-6853-f836ba6f2052', '00000000-0000-0000-0000-000000002026', 'f5202721-2f9c-afe3-660d-623bbac1d729', 'active'),
  ('6d51353b-0355-a149-40ac-4af712a7632b', '00000000-0000-0000-0000-000000002026', 'acae115a-a08a-0874-c05d-a74d2eb812e0', 'active'),
  ('48d39ce8-e861-3276-5582-0de98938d8bb', '00000000-0000-0000-0000-000000002026', 'cbc6e19b-7554-f790-ec53-36de06cd67ac', 'active'),
  ('d6b2c551-f934-49cd-2c99-da13005204d2', '00000000-0000-0000-0000-000000002026', 'd4ee9851-2929-3675-8cd3-3367685bf703', 'active'),
  ('5c0b9e50-2b09-93bd-5f66-f05c33a57a72', '00000000-0000-0000-0000-000000002026', 'c817296f-8510-fc2d-5063-8cc75140afad', 'active'),
  ('19428f31-4096-ee77-d815-78f5144771dc', '00000000-0000-0000-0000-000000002026', 'f11e69d1-b703-a757-e474-3b2d134a0d25', 'active'),
  ('adfb6ce4-180e-4c18-8ee6-d97e0c0b36cc', '00000000-0000-0000-0000-000000002026', '5579d77c-0a1c-8a55-d6c7-ea4958e3362e', 'active'),
  ('964e680f-fd20-918b-470a-0b0ca6ad1d98', '00000000-0000-0000-0000-000000002026', 'fad73cd4-2aaf-6e3e-cd0f-6174473fb3e7', 'active'),
  ('74d93b5a-6733-00fb-0e6c-bcb6955ef5f6', '00000000-0000-0000-0000-000000002026', '8dceb561-ba37-51ba-4e3f-fb2b6b0b26b8', 'active'),
  ('8cf51b56-6f15-87f9-e167-f8f11fa23546', '00000000-0000-0000-0000-000000002026', 'b60706cf-8361-64d9-ad67-4214350e9f8a', 'active'),
  ('c9e7fc06-f554-aa04-8bfc-f8bbb289fe77', '00000000-0000-0000-0000-000000002026', '03937bd2-7836-f78d-067e-42f265c541f2', 'active'),
  ('95696790-df96-f8b1-b970-33fbb87a75d6', '00000000-0000-0000-0000-000000002026', '51ff7b17-ade0-feae-a1c1-aab3cb9bc9cc', 'active'),
  ('01a9d72a-5621-ae2c-b0dd-52b57be4cb0c', '00000000-0000-0000-0000-000000002026', 'cdad9d5c-1a62-3d7f-6ad0-4c78f0b91d3f', 'active'),
  ('c20d9322-273a-cc83-edca-2380cfd40732', '00000000-0000-0000-0000-000000002026', '6b9e90d4-ad74-8f49-e22c-69c549ebbd52', 'active'),
  ('8a3bd3fe-d7e2-e2c6-aef4-605ce4378794', '00000000-0000-0000-0000-000000002026', 'eb604588-08ca-c799-c14a-0f7df892117c', 'active'),
  ('114c5ca5-e331-23ad-3fe0-69158924a5eb', '00000000-0000-0000-0000-000000002026', '501e22a1-148f-6e39-d7ed-4781c3b7f2b8', 'active'),
  ('bca16c00-7b89-e4a3-395c-c8c7d9a738ec', '00000000-0000-0000-0000-000000002026', '0c908b53-42c2-a8e5-4228-c1a1c59e7263', 'active'),
  ('6faa56a1-b334-a0b2-3254-e5f648df7914', '00000000-0000-0000-0000-000000002026', '0b8e8263-b59a-0303-9725-cfac540605ad', 'active'),
  ('41414b77-89dd-5aaa-fd77-0380eaaf65df', '00000000-0000-0000-0000-000000002026', '1d8ce5be-868c-e440-b23f-1c80d2f4e05c', 'active'),
  ('f3a705ac-5807-0c2a-b1fd-e29e47d31c55', '00000000-0000-0000-0000-000000002026', '09969d73-30ed-b8b3-ed4e-20094341f34c', 'active'),
  ('ade8948c-cbd9-f01b-ae2c-604d667c9651', '00000000-0000-0000-0000-000000002026', 'ba090ebf-3587-ca71-fbec-def44e62f1a9', 'active')
  on conflict (season_id, profile_id) do nothing;

-- 837 picks, 77 with unresolved golfer ids (golfer_espn_id NULL, name kept for display)
insert into picks (id, entry_id, tournament_id, golfer_espn_id, golfer_name, points) values
  ('2af24d7e-af84-3c1c-7beb-339e60dbd866', '0faaad79-582e-6088-3a67-1ed9b222b1a8', '00000000-0000-0000-2026-000000000001', '10505', 'JT Poston', 16),
  ('f3fd53dd-a551-ce8b-45f5-70f3ff8377b1', '0faaad79-582e-6088-3a67-1ed9b222b1a8', '00000000-0000-0000-2026-000000000002', '4425906', 'Cameron Young', 37),
  ('00420c39-7c0e-337a-2998-cace66269f9f', '0faaad79-582e-6088-3a67-1ed9b222b1a8', '00000000-0000-0000-2026-000000000003', '10980', 'Sahith Theegala', 44),
  ('b6233117-6b57-a8f9-4540-c104a4d9e578', '0faaad79-582e-6088-3a67-1ed9b222b1a8', '00000000-0000-0000-2026-000000000004', '7081', 'Si Woo Kim', 16),
  ('c76809f3-d65b-669c-7bdf-0de5888a72f7', '0faaad79-582e-6088-3a67-1ed9b222b1a8', '00000000-0000-0000-2026-000000000005', '5409', 'Russell Henley', 0),
  ('a3771a1c-a8fb-c3c3-7031-af6e0be80b6f', '0faaad79-582e-6088-3a67-1ed9b222b1a8', '00000000-0000-0000-2026-000000000006', '9843', 'Jake Knapp', 0),
  ('c9bbe83b-ac91-baae-ed0b-9896818df988', '0faaad79-582e-6088-3a67-1ed9b222b1a8', '00000000-0000-0000-2026-000000000007', '10140', 'Xander Schauffele', 350),
  ('5bd55e99-afe7-26e3-f162-d3fa152ff9d8', '0faaad79-582e-6088-3a67-1ed9b222b1a8', '00000000-0000-0000-2026-000000000008', '3702', 'Rickie Fowler', 0),
  ('0185d49f-b269-6810-876a-432c57b18010', '0faaad79-582e-6088-3a67-1ed9b222b1a8', '00000000-0000-0000-2026-000000000009', '10046', 'Bryson DeChambeau', 0),
  ('45303906-43ba-8fdf-316e-f22f08b391f5', '0faaad79-582e-6088-3a67-1ed9b222b1a8', '00000000-0000-0000-2026-000000000010', '6007', 'Patrick Cantlay', 164),
  ('3b1c4143-a524-b529-9b25-96e1a1a45880', '0faaad79-582e-6088-3a67-1ed9b222b1a8', '00000000-0000-0000-2026-000000000011', '4690755', 'Chris Gotterup', 18),
  ('ced1fc8b-c53b-a63f-5ec5-038d8c8ae864', '0faaad79-582e-6088-3a67-1ed9b222b1a8', '00000000-0000-0000-2026-000000000012', '4375972', 'Ludvig Aberg', 188),
  ('ff0df62f-575d-1736-5b83-34c294e2d8c1', '0faaad79-582e-6088-3a67-1ed9b222b1a8', '00000000-0000-0000-2026-000000000013', '9037', 'Matt Fitzpatrick', 90),
  ('c782c156-cbba-0045-5c37-e3ef431c8786', '0faaad79-582e-6088-3a67-1ed9b222b1a8', '00000000-0000-0000-2026-000000000014', '4848', 'Justin Thomas', 55),
  ('96c8dc72-248b-d03a-a3d3-f8a9b2b38f75', '1f2da3a8-1b65-9e0c-e709-d2a9688fc94e', '00000000-0000-0000-2026-000000000001', '4404992', 'Ben Griffin', 36),
  ('3e40e523-b3f0-8c04-3514-11b618dcde59', '1f2da3a8-1b65-9e0c-e709-d2a9688fc94e', '00000000-0000-0000-2026-000000000002', '9530', 'Maverick McNealy', 75),
  ('bbe75b6d-f48a-557f-734b-81232e3619e5', '1f2da3a8-1b65-9e0c-e709-d2a9688fc94e', '00000000-0000-0000-2026-000000000003', '5860', 'Hideki Matsuyama', 300),
  ('70270479-ced5-bef2-8059-99350a4023bc', '1f2da3a8-1b65-9e0c-e709-d2a9688fc94e', '00000000-0000-0000-2026-000000000004', '9843', 'Jake Knapp', 148),
  ('f02036fc-3cb7-2207-09ee-4e73a7e81e31', '1f2da3a8-1b65-9e0c-e709-d2a9688fc94e', '00000000-0000-0000-2026-000000000005', '6007', 'Patrick Cantlay', 22),
  ('dd4f068d-1faf-180e-b232-1cc17f6cb696', '1f2da3a8-1b65-9e0c-e709-d2a9688fc94e', '00000000-0000-0000-2026-000000000006', '10592', 'Collin Morikawa', 300),
  ('f80e7ae9-c47a-de2e-1d3b-3287d06e50af', '1f2da3a8-1b65-9e0c-e709-d2a9688fc94e', '00000000-0000-0000-2026-000000000007', '7081', 'Si Woo Kim', 13),
  ('0dd1004b-11ef-967c-cc73-05185f651af4', '1f2da3a8-1b65-9e0c-e709-d2a9688fc94e', '00000000-0000-0000-2026-000000000008', '4690755', 'Chris Gotterup', 89),
  ('850d1306-aa99-c0a8-b932-b26bf8bea8d7', '1f2da3a8-1b65-9e0c-e709-d2a9688fc94e', '00000000-0000-0000-2026-000000000009', '9478', 'Scottie Scheffler', 500),
  ('2ba1135c-e9fe-8d2d-17ef-f324132276c4', '1f2da3a8-1b65-9e0c-e709-d2a9688fc94e', '00000000-0000-0000-2026-000000000010', '5409', 'Russell Henley', 35),
  ('4c781b5c-0160-ccec-7b4d-b4f7361dd0d5', '1f2da3a8-1b65-9e0c-e709-d2a9688fc94e', '00000000-0000-0000-2026-000000000011', '4425906', 'Cameron Young', 700),
  ('c06822e7-8613-d277-b2d3-8fc70fe6e3c7', '1f2da3a8-1b65-9e0c-e709-d2a9688fc94e', '00000000-0000-0000-2026-000000000012', NULL, 'Xander Shauffele', 8),
  ('1cdbaa6b-793e-d3cf-3ba0-3edd4c73f58d', '1f2da3a8-1b65-9e0c-e709-d2a9688fc94e', '00000000-0000-0000-2026-000000000013', '4375972', 'Ludvig Aberg', 300),
  ('d2c4cd16-1671-d01a-6146-b2f8c5b76e00', '1f2da3a8-1b65-9e0c-e709-d2a9688fc94e', '00000000-0000-0000-2026-000000000014', '5539', 'Tommy fleetwood', 313),
  ('fad34aa4-e4fc-db51-8da0-a88a4fcc512a', '370b2a0f-70df-ef2d-d076-54719e0c55ad', '00000000-0000-0000-2026-000000000001', '9037', 'Matt Fitzpatrick', 4),
  ('55ff79dd-4785-afd3-8f65-d57727a80b44', '370b2a0f-70df-ef2d-d076-54719e0c55ad', '00000000-0000-0000-2026-000000000002', NULL, 'Xander shuffle', 0),
  ('be0a2b4d-1f33-e3a7-53aa-a81c77235385', '370b2a0f-70df-ef2d-d076-54719e0c55ad', '00000000-0000-0000-2026-000000000003', NULL, 'Scottie sheffler', 125),
  ('aed2c5c3-a5dc-41f8-699f-46811c53915c', '370b2a0f-70df-ef2d-d076-54719e0c55ad', '00000000-0000-0000-2026-000000000004', '569', 'Justin Rose', 20),
  ('2d7c9d19-a411-70a9-c78b-a70da3512f13', '370b2a0f-70df-ef2d-d076-54719e0c55ad', '00000000-0000-0000-2026-000000000005', '4858572', 'R. Hisatsune', 16),
  ('ee543d5e-cca1-4f85-edca-136912768b6d', '370b2a0f-70df-ef2d-d076-54719e0c55ad', '00000000-0000-0000-2026-000000000006', '5539', 'Tommy Fleetwood', 14),
  ('4447c638-194e-fb56-f379-0afbe92e778a', '370b2a0f-70df-ef2d-d076-54719e0c55ad', '00000000-0000-0000-2026-000000000007', '5860', 'Hideki matsuyama', 39),
  ('b4d2ca22-39b9-7cef-cab3-83192efc6247', '370b2a0f-70df-ef2d-d076-54719e0c55ad', '00000000-0000-0000-2026-000000000008', '4410932', 'Min woo lee', 163),
  ('cf7a9b9a-6f50-fe9b-6821-d6a282f5a495', '370b2a0f-70df-ef2d-d076-54719e0c55ad', '00000000-0000-0000-2026-000000000009', '10046', 'Bryson Dechambeau', 0),
  ('f1f11bd5-3933-4656-40ad-29ba3687f07a', '370b2a0f-70df-ef2d-d076-54719e0c55ad', '00000000-0000-0000-2026-000000000010', '9938', 'Sam burns', 58),
  ('d38498d8-859c-274b-8696-96afe1ad05e3', '370b2a0f-70df-ef2d-d076-54719e0c55ad', '00000000-0000-0000-2026-000000000011', '4364873', 'Viktor Hovland', 18),
  ('fc1ad9bc-ae51-66b1-0183-599aa93579bf', '370b2a0f-70df-ef2d-d076-54719e0c55ad', '00000000-0000-0000-2026-000000000012', NULL, 'Gotterup', 90),
  ('1ae7b40f-fd54-2cf7-18c7-3d58ad8f83b2', '370b2a0f-70df-ef2d-d076-54719e0c55ad', '00000000-0000-0000-2026-000000000013', '9780', 'Jon Rahm', 500),
  ('bc3a6bd3-a0f0-4a9e-43cb-9dc639aaa1b4', '370b2a0f-70df-ef2d-d076-54719e0c55ad', '00000000-0000-0000-2026-000000000014', '4375972', 'Ludvig Aberg', 21),
  ('f358e140-7ead-3bfe-aa5a-69897c2249a0', 'dff683e6-18ff-112b-47a2-ac01066a962f', '00000000-0000-0000-2026-000000000001', '7081', 'Si Woo Kim', 95),
  ('631b10ce-5650-735e-deac-7370caa829a0', 'dff683e6-18ff-112b-47a2-ac01066a962f', '00000000-0000-0000-2026-000000000002', '5076021', 'Ryan Gerard', 59),
  ('9e766f63-467d-fdc5-e78e-021063bd0902', 'dff683e6-18ff-112b-47a2-ac01066a962f', '00000000-0000-0000-2026-000000000003', '10980', 'Sahith Theegala', 44),
  ('0af36f67-b289-44f7-f361-6585106c3f95', 'dff683e6-18ff-112b-47a2-ac01066a962f', '00000000-0000-0000-2026-000000000004', '9478', 'Scottie Scheffler', 313),
  ('549b14b4-d4c4-69d1-9490-a9341eb3fe69', 'dff683e6-18ff-112b-47a2-ac01066a962f', '00000000-0000-0000-2026-000000000005', NULL, 'Sahith Theegala', 0),
  ('5b51b9a4-4053-f88f-1461-9d944fc434da', 'dff683e6-18ff-112b-47a2-ac01066a962f', '00000000-0000-0000-2026-000000000006', '5539', 'Tommy Fleetwood', 14),
  ('93d67502-5321-478d-f211-b55b6fb7a384', 'dff683e6-18ff-112b-47a2-ac01066a962f', '00000000-0000-0000-2026-000000000007', '4375972', 'Ludvig Aberg', 275),
  ('63e7924e-1725-8d52-ae14-b4c17553fecf', 'dff683e6-18ff-112b-47a2-ac01066a962f', '00000000-0000-0000-2026-000000000008', '9938', 'Sam Burns', 37),
  ('f1e8088e-4fba-262c-1eeb-1a66dcc4a74c', 'dff683e6-18ff-112b-47a2-ac01066a962f', '00000000-0000-0000-2026-000000000009', '569', 'Justin Rose', 313),
  ('5b304c16-9c79-226c-cdad-b2ccd2a96d67', 'dff683e6-18ff-112b-47a2-ac01066a962f', '00000000-0000-0000-2026-000000000010', '4425906', 'Cameron Young', 35),
  ('6ae06c62-53bf-8883-ddf4-d217ea1e09af', 'dff683e6-18ff-112b-47a2-ac01066a962f', '00000000-0000-0000-2026-000000000011', '5409', 'Russel Henley', 13),
  ('4a8a028d-a56d-a508-dadb-d8d3ed315100', 'dff683e6-18ff-112b-47a2-ac01066a962f', '00000000-0000-0000-2026-000000000012', '3470', 'Rory McIlroy', 52),
  ('2cf8c163-8f52-08cb-5422-52e79e162dfd', 'dff683e6-18ff-112b-47a2-ac01066a962f', '00000000-0000-0000-2026-000000000013', '9037', 'Mathew Fitzpatrick', 90),
  ('f96890f8-0495-1d2b-67af-fc501c75d827', 'dff683e6-18ff-112b-47a2-ac01066a962f', '00000000-0000-0000-2026-000000000014', NULL, 'Xander', 33),
  ('7095942e-64d3-d164-0f29-4d2f8228f6b1', 'e9ca11b1-4760-6d18-4910-a0247ac72a99', '00000000-0000-0000-2026-000000000001', '5409', 'Russel Henley', 75),
  ('031bca1c-670c-609f-90e3-a9fa22a4ed0d', 'e9ca11b1-4760-6d18-4910-a0247ac72a99', '00000000-0000-0000-2026-000000000002', '3832', 'Alex Noren', 0),
  ('229e4665-12e6-6e64-9397-263e8b83d53f', 'e9ca11b1-4760-6d18-4910-a0247ac72a99', '00000000-0000-0000-2026-000000000003', '10980', 'Sahith Theegala', 44),
  ('4a397a14-ffa0-78ac-e345-f697b396788a', 'e9ca11b1-4760-6d18-4910-a0247ac72a99', '00000000-0000-0000-2026-000000000004', '10592', 'Colin Morikawa', 700),
  ('ecd71e07-f0d9-b0ba-bb3f-6e0a26531540', 'e9ca11b1-4760-6d18-4910-a0247ac72a99', '00000000-0000-0000-2026-000000000005', '9037', 'Matt Fitzpatrick', 41),
  ('1e44aab2-c564-cf7e-245b-5d0cb252602e', 'e9ca11b1-4760-6d18-4910-a0247ac72a99', '00000000-0000-0000-2026-000000000006', '3470', 'Rory McIlroy', 0),
  ('f5b4262c-77cc-030e-5f7e-400d57284ab0', 'e9ca11b1-4760-6d18-4910-a0247ac72a99', '00000000-0000-0000-2026-000000000007', '4375972', 'Ludwig Aberg', 275),
  ('bbbfe205-cb86-9175-0426-d6a0322deba8', 'e9ca11b1-4760-6d18-4910-a0247ac72a99', '00000000-0000-0000-2026-000000000008', '4425904', 'Michael Thorbjornsen', 53),
  ('aeea10e9-4df5-d6d4-288f-27eb143af65e', 'e9ca11b1-4760-6d18-4910-a0247ac72a99', '00000000-0000-0000-2026-000000000009', '569', 'Justin Rose', 313),
  ('0a4a947f-ed5c-04a3-bfbb-ef75d3f60c1f', 'e9ca11b1-4760-6d18-4910-a0247ac72a99', '00000000-0000-0000-2026-000000000010', '10140', 'Xander Schauffele', 105),
  ('8f8d9428-e200-fb58-bed9-0a3709802bea', 'e9ca11b1-4760-6d18-4910-a0247ac72a99', '00000000-0000-0000-2026-000000000011', '4419142', 'Akshay Bhatia', 40),
  ('b4a904e8-d2c4-fb0e-e587-92215fc97885', 'e9ca11b1-4760-6d18-4910-a0247ac72a99', '00000000-0000-0000-2026-000000000012', '8961', 'Sepp Straka', 7),
  ('40c8f809-d055-62c0-c57c-70c17e2405b4', 'e9ca11b1-4760-6d18-4910-a0247ac72a99', '00000000-0000-0000-2026-000000000013', '5539', 'Tommy fleetwood', 0),
  ('0d390650-588b-1c1b-a226-3fda0942cd1d', 'e9ca11b1-4760-6d18-4910-a0247ac72a99', '00000000-0000-0000-2026-000000000014', '7081', 'Si Woo Kim', 140),
  ('6bad62a5-83ea-4934-f045-46021b41dfd9', 'aa958b9d-4e28-b021-ba6a-5144715486e0', '00000000-0000-0000-2026-000000000001', '4404992', 'Ben Griffin', 36),
  ('65674c10-f72d-b6a9-d471-068506f90f85', 'aa958b9d-4e28-b021-ba6a-5144715486e0', '00000000-0000-0000-2026-000000000002', '5860', 'Hideki Matsuyama', 59),
  ('51fd0255-2976-7108-3fb5-2202c04de480', 'aa958b9d-4e28-b021-ba6a-5144715486e0', '00000000-0000-0000-2026-000000000003', '8961', 'Sepp Straka', 44),
  ('9ec53c03-d57f-e377-f061-9674304ba91d', 'aa958b9d-4e28-b021-ba6a-5144715486e0', '00000000-0000-0000-2026-000000000004', '7081', 'S W Kim', 16),
  ('44fbc35d-ab4d-6e22-eaa6-273ef3d09f74', 'aa958b9d-4e28-b021-ba6a-5144715486e0', '00000000-0000-0000-2026-000000000005', '6007', 'Patrick Cantlay', 22),
  ('17c712c4-5980-a611-a2c4-57a745d9224b', 'aa958b9d-4e28-b021-ba6a-5144715486e0', '00000000-0000-0000-2026-000000000006', '10592', 'Collin Morikawa', 300),
  ('4acdec79-3bc9-ac48-04a2-3186a1ba71b4', 'aa958b9d-4e28-b021-ba6a-5144715486e0', '00000000-0000-0000-2026-000000000007', '4375972', 'Ludvig Aberg', 275),
  ('e8d4ac3c-7583-9264-364c-6389eb5b7f0d', 'aa958b9d-4e28-b021-ba6a-5144715486e0', '00000000-0000-0000-2026-000000000008', '4690755', 'Chris Gotterup', 89),
  ('db9646b9-ea87-530f-9fa4-0e2e05ec4543', 'aa958b9d-4e28-b021-ba6a-5144715486e0', '00000000-0000-0000-2026-000000000009', '9780', 'Jon Rahm', 23),
  ('fac69b98-2a91-bbac-3f93-7017380c45d1', 'aa958b9d-4e28-b021-ba6a-5144715486e0', '00000000-0000-0000-2026-000000000010', '5539', 'Tommy Fleetwood', 12),
  ('68b81700-3ed5-999b-aea8-5c4e805fc671', 'aa958b9d-4e28-b021-ba6a-5144715486e0', '00000000-0000-0000-2026-000000000011', '5409', 'Russell Henley', 13),
  ('7eabb02a-1a5f-85be-908f-4401275905f0', 'aa958b9d-4e28-b021-ba6a-5144715486e0', '00000000-0000-0000-2026-000000000012', '4425906', 'Cameron Young', 133),
  ('1bbb9e09-6106-0030-0be2-e057f97e266a', 'aa958b9d-4e28-b021-ba6a-5144715486e0', '00000000-0000-0000-2026-000000000013', '9478', 'Scottie Scheffler', 90),
  ('ccbd9d9a-a274-4e9e-184b-92a32256f963', 'aa958b9d-4e28-b021-ba6a-5144715486e0', '00000000-0000-0000-2026-000000000014', '9037', 'Matt Fitzpatrick', 23),
  ('5b3da696-9f94-c769-e43a-16dc7543b60c', '5013eec4-5d66-7f4b-e352-7d2a7e41e04d', '00000000-0000-0000-2026-000000000001', '9938', 'Sam Burns', 25),
  ('8e3c3eed-77cb-994a-b9c8-9746ff0b2234', '5013eec4-5d66-7f4b-e352-7d2a7e41e04d', '00000000-0000-0000-2026-000000000002', '4690755', 'Chris Gotterup', 46),
  ('72361a2a-7747-d297-ce6a-aed9915fdb67', '5013eec4-5d66-7f4b-e352-7d2a7e41e04d', '00000000-0000-0000-2026-000000000003', '4404992', 'Ben Griffin', 27),
  ('8180a716-7b27-e47f-0d2c-992109e435f8', '5013eec4-5d66-7f4b-e352-7d2a7e41e04d', '00000000-0000-0000-2026-000000000004', '7081', 'Si woo Kim', 16),
  ('67309910-a8de-1385-bc9f-5eca30958a24', '5013eec4-5d66-7f4b-e352-7d2a7e41e04d', '00000000-0000-0000-2026-000000000005', '5539', 'Tommy Fleetwood', 176),
  ('7f2d1fb9-23d4-6e00-51bd-fca5f46bc08a', '5013eec4-5d66-7f4b-e352-7d2a7e41e04d', '00000000-0000-0000-2026-000000000006', '9037', 'Matt Fitzpatrick', 19),
  ('c02cca4c-8f5c-280a-292f-522f3f40df23', '5013eec4-5d66-7f4b-e352-7d2a7e41e04d', '00000000-0000-0000-2026-000000000007', '4419142', 'Aksay Bhatia', 81),
  ('4d6bc1ac-6b5d-44de-da10-694f460167f9', '5013eec4-5d66-7f4b-e352-7d2a7e41e04d', '00000000-0000-0000-2026-000000000008', NULL, 'Nicolai Hojgaard', 300),
  ('99bbe345-c10e-14d5-8f30-58a956cb8d9d', '5013eec4-5d66-7f4b-e352-7d2a7e41e04d', '00000000-0000-0000-2026-000000000009', '9780', 'Jon Rahm', 23),
  ('8d702b10-53df-8be8-6013-b3986cc435d1', '5013eec4-5d66-7f4b-e352-7d2a7e41e04d', '00000000-0000-0000-2026-000000000010', '5409', 'Russell Henley', 35),
  ('279af314-af0e-bddd-cd43-7910233b5aae', '5013eec4-5d66-7f4b-e352-7d2a7e41e04d', '00000000-0000-0000-2026-000000000011', '10592', 'Collin Morikawa', 8),
  ('99a0cb39-9c4a-1b53-8f6b-82af93ba1580', '5013eec4-5d66-7f4b-e352-7d2a7e41e04d', '00000000-0000-0000-2026-000000000012', '4375972', 'Ludvig Aberg', 188),
  ('17d5da71-f0b4-ee5e-b6c8-fe37c85882cb', '5013eec4-5d66-7f4b-e352-7d2a7e41e04d', '00000000-0000-0000-2026-000000000013', '4425906', 'Cam Young', 37),
  ('fe6fbe35-b1e8-9183-88e6-7313afadbf66', '5013eec4-5d66-7f4b-e352-7d2a7e41e04d', '00000000-0000-0000-2026-000000000014', '4848', 'Justin Thomas', 55),
  ('359486a1-5e18-01e2-28a6-405f17cd565a', 'c2ef5edf-99ec-4dc1-c92b-729608b927b4', '00000000-0000-0000-2026-000000000001', NULL, 'Cantlay', 55),
  ('188385de-2dbc-749d-6185-35594f89cc2d', 'c2ef5edf-99ec-4dc1-c92b-729608b927b4', '00000000-0000-0000-2026-000000000002', '1680', 'Jason Day', 16),
  ('bbd49adc-7a4c-e366-2500-743ca2353cbd', 'c2ef5edf-99ec-4dc1-c92b-729608b927b4', '00000000-0000-0000-2026-000000000003', '7081', 'Si woo Kim', 125),
  ('6e1fd8be-f7f5-7a6c-a049-573571ffc1a8', 'c2ef5edf-99ec-4dc1-c92b-729608b927b4', '00000000-0000-0000-2026-000000000004', '5409', 'Russell Henley', 52),
  ('08cbe9c2-8259-8576-1501-ee0fc5a31ba1', 'c2ef5edf-99ec-4dc1-c92b-729608b927b4', '00000000-0000-0000-2026-000000000005', '5539', 'Tommy Fleetwood', 176),
  ('4cffceb8-e577-dd84-a8ec-482f9744841f', 'c2ef5edf-99ec-4dc1-c92b-729608b927b4', '00000000-0000-0000-2026-000000000006', '9037', 'Matt Fitzpatrick', 19),
  ('45d692f6-f2e4-9929-3ce4-4a52957e9aea', 'c2ef5edf-99ec-4dc1-c92b-729608b927b4', '00000000-0000-0000-2026-000000000007', '4410932', 'Min Woo Lee', 26),
  ('6c98cc86-5a5d-64d7-58f9-60463cb14d1c', 'c2ef5edf-99ec-4dc1-c92b-729608b927b4', '00000000-0000-0000-2026-000000000008', '4690755', 'Chris Gotterup', 89),
  ('4b6eea47-88a1-8183-0bf2-bd347d63842b', 'c2ef5edf-99ec-4dc1-c92b-729608b927b4', '00000000-0000-0000-2026-000000000009', '4425906', 'Cam Young', 313),
  ('b8a0b3e2-e294-f1b2-f3f7-fd07f25e8325', 'c2ef5edf-99ec-4dc1-c92b-729608b927b4', '00000000-0000-0000-2026-000000000010', '10140', 'Xander Schauffele', 105),
  ('2d2e07f3-30b7-1710-64bb-e650292cc5a7', 'c2ef5edf-99ec-4dc1-c92b-729608b927b4', '00000000-0000-0000-2026-000000000011', '5860', 'Hideki Matsuyama', 11),
  ('15eb83bd-86d4-c621-4748-eca04d6ada50', 'c2ef5edf-99ec-4dc1-c92b-729608b927b4', '00000000-0000-0000-2026-000000000012', '4375972', 'Ludvig Aberg', 188),
  ('f27d1ef4-a46c-13bf-9a66-96dcf7b42361', 'c2ef5edf-99ec-4dc1-c92b-729608b927b4', '00000000-0000-0000-2026-000000000013', '9780', 'Jon Rahm', 500),
  ('d81076a4-34ac-9d88-0f3d-a0886f04da36', 'c2ef5edf-99ec-4dc1-c92b-729608b927b4', '00000000-0000-0000-2026-000000000014', '4404992', 'Ben Griffin', 0),
  ('02c9abab-8f71-2b0a-a448-1c8362694c4b', '7533f7cc-7697-d093-78c3-81fc7a27765b', '00000000-0000-0000-2026-000000000001', '6007', 'Patrick Cantlay', 55),
  ('163d6faf-4ce4-9aaf-31e5-f78eb5e6a127', '7533f7cc-7697-d093-78c3-81fc7a27765b', '00000000-0000-0000-2026-000000000002', '4375972', 'Ludvig Åberg', 0),
  ('7e462cb3-eaab-bb39-1166-6b42b077c297', '7533f7cc-7697-d093-78c3-81fc7a27765b', '00000000-0000-0000-2026-000000000003', '9530', 'Maverick McNealy', 57),
  ('ae9de0f7-e554-e4c4-a0f2-aa8164f8ec59', '7533f7cc-7697-d093-78c3-81fc7a27765b', '00000000-0000-0000-2026-000000000004', '569', 'Justin Rose', 20),
  ('78da736b-a381-aa99-421b-b03695681cb9', '7533f7cc-7697-d093-78c3-81fc7a27765b', '00000000-0000-0000-2026-000000000005', '8961', 'Sepp Straka', 13),
  ('d717a9b5-d6bd-8e64-1139-04ada9829e5c', '7533f7cc-7697-d093-78c3-81fc7a27765b', '00000000-0000-0000-2026-000000000006', '3470', 'Rory McIlroy', 0),
  ('702807b0-33cd-e11d-e23f-4588bac21e14', '7533f7cc-7697-d093-78c3-81fc7a27765b', '00000000-0000-0000-2026-000000000007', '3702', 'Rickie Fowler', 19),
  ('8de0021e-080b-02ea-fcaa-4296f8e0efbe', '7533f7cc-7697-d093-78c3-81fc7a27765b', '00000000-0000-0000-2026-000000000008', '4410932', 'Min Woo Lee', 163),
  ('f316e6c8-fee2-aa12-8923-7fa04d1981a0', '7533f7cc-7697-d093-78c3-81fc7a27765b', '00000000-0000-0000-2026-000000000009', '5467', 'Jordan Spieth', 102),
  ('cbe2179b-0e40-04ac-d00e-bc0edfd5f64e', '7533f7cc-7697-d093-78c3-81fc7a27765b', '00000000-0000-0000-2026-000000000010', '5409', 'Russell Henley', 35),
  ('b2bed09f-a9ff-351b-6ed8-13d383e091d8', '7533f7cc-7697-d093-78c3-81fc7a27765b', '00000000-0000-0000-2026-000000000011', '4690755', 'Chris Gotterup', 18),
  ('c93a0641-9328-5109-f0bf-6052daa2e980', '7533f7cc-7697-d093-78c3-81fc7a27765b', '00000000-0000-0000-2026-000000000012', '10140', 'Xander Schauffele', 8),
  ('851e0554-7002-b758-0c16-b5fadcc2361d', '7533f7cc-7697-d093-78c3-81fc7a27765b', '00000000-0000-0000-2026-000000000013', '4425906', 'Cam Young', 37),
  ('fc6dd4b4-73b9-5f11-cc7f-8e2535daaa14', '7533f7cc-7697-d093-78c3-81fc7a27765b', '00000000-0000-0000-2026-000000000014', '7081', 'Si Woo Kim', 140),
  ('6631dec2-1fe6-078f-49ef-bf9510a69067', '903d2f73-eeb5-344f-5e6d-e8a8b54559ee', '00000000-0000-0000-2026-000000000001', '4404992', 'Ben Griffin', 36),
  ('fdcda40b-6f18-af8d-58a8-be4c88d18b79', '903d2f73-eeb5-344f-5e6d-e8a8b54559ee', '00000000-0000-0000-2026-000000000002', '5076021', 'Ryan Gerard', 59),
  ('ec065074-57d6-ad58-e488-49d9c263ecda', '903d2f73-eeb5-344f-5e6d-e8a8b54559ee', '00000000-0000-0000-2026-000000000003', '10980', 'Sanity Theegala', 44),
  ('2fd8c3cd-5f8d-2b22-3458-224f3e89d441', '903d2f73-eeb5-344f-5e6d-e8a8b54559ee', '00000000-0000-0000-2026-000000000004', '5409', 'Russel Henley', 52),
  ('8e25ad8e-0677-15d9-360f-4b608411e6bd', '903d2f73-eeb5-344f-5e6d-e8a8b54559ee', '00000000-0000-0000-2026-000000000005', '5860', 'Hideki Matsuyama', 32),
  ('557b46dd-dbc6-d83a-8679-6521e0a35dfa', '903d2f73-eeb5-344f-5e6d-e8a8b54559ee', '00000000-0000-0000-2026-000000000006', '5539', 'Tommy Fleetwood', 14),
  ('c4d985ac-93b2-ca37-caa2-f3ba92013bb1', '903d2f73-eeb5-344f-5e6d-e8a8b54559ee', '00000000-0000-0000-2026-000000000007', '4410932', 'Min Woo Lee', 26),
  ('17aea9fb-789d-d2e6-d30e-527dbef029c9', '903d2f73-eeb5-344f-5e6d-e8a8b54559ee', '00000000-0000-0000-2026-000000000008', '9843', 'Jake Knapp', 89),
  ('84e10037-10cb-a98e-f9b1-108b083763e8', '903d2f73-eeb5-344f-5e6d-e8a8b54559ee', '00000000-0000-0000-2026-000000000009', '5467', 'Jordan Spieth', 102),
  ('55422e1f-daef-b78a-28b7-4cb157df5ab4', '903d2f73-eeb5-344f-5e6d-e8a8b54559ee', '00000000-0000-0000-2026-000000000010', '4848', 'Justin Thomas', 4),
  ('151133b2-1fdc-188d-9bd8-fe2f78a6403a', '903d2f73-eeb5-344f-5e6d-e8a8b54559ee', '00000000-0000-0000-2026-000000000011', '4425906', 'Cam Young', 700),
  ('04272651-1095-5493-14a2-e046224f83bf', '903d2f73-eeb5-344f-5e6d-e8a8b54559ee', '00000000-0000-0000-2026-000000000012', '10140', 'Xander Schauffele', 8),
  ('da1b4478-a33e-e910-e930-998bba872874', '903d2f73-eeb5-344f-5e6d-e8a8b54559ee', '00000000-0000-0000-2026-000000000013', '9780', 'Jon Rahm', 500),
  ('70ed0552-3370-afe7-9095-03d46787786c', '903d2f73-eeb5-344f-5e6d-e8a8b54559ee', '00000000-0000-0000-2026-000000000014', '9478', 'Scottie Scheffler', 100),
  ('969eafd9-77f9-9e09-d8b7-b1c18cc43a11', '66406abc-d765-8457-91ed-740e00afcba9', '00000000-0000-0000-2026-000000000001', '6007', 'Patrick Cantlay', 55),
  ('7c9a6ffe-f7d6-77d1-66e1-4e3bc9f2fcbf', '66406abc-d765-8457-91ed-740e00afcba9', '00000000-0000-0000-2026-000000000002', '8973', 'Max Homa', 0),
  ('8adcd5ca-7b31-53f0-dbb0-13820c22a525', '66406abc-d765-8457-91ed-740e00afcba9', '00000000-0000-0000-2026-000000000003', '10592', 'Collin Morikawa', 6),
  ('de27c426-6e29-5fcc-808a-ffa0470f2fb7', '66406abc-d765-8457-91ed-740e00afcba9', '00000000-0000-0000-2026-000000000004', '4375972', 'Ludvig Åberg', 20),
  ('bfc73396-a015-f661-5673-52f4f48fac81', '66406abc-d765-8457-91ed-740e00afcba9', '00000000-0000-0000-2026-000000000005', '2230', 'Tony Finau', 32),
  ('b5e5c48e-0a64-271a-2ec4-d742d39c5ead', '66406abc-d765-8457-91ed-740e00afcba9', '00000000-0000-0000-2026-000000000006', NULL, '', 0),
  ('5f752154-9d03-b6a1-24ce-3dd18d5e64c4', '66406abc-d765-8457-91ed-740e00afcba9', '00000000-0000-0000-2026-000000000007', '3470', 'Rory Mcilroy', 16),
  ('799fb4c0-3a16-1f7c-22bb-a53313189e18', '66406abc-d765-8457-91ed-740e00afcba9', '00000000-0000-0000-2026-000000000008', '11119', 'Wyndham Clark', 0),
  ('0074c4df-966e-7474-4103-7e79a9b48ba5', '66406abc-d765-8457-91ed-740e00afcba9', '00000000-0000-0000-2026-000000000009', '10140', 'Xander Schauffele', 188),
  ('de67b412-9268-9d02-973f-e25b6727136f', '66406abc-d765-8457-91ed-740e00afcba9', '00000000-0000-0000-2026-000000000010', '9037', 'Matt Fitzpatrick', 700),
  ('5a60f66d-39aa-80b1-fe75-9e15d270e0d6', '66406abc-d765-8457-91ed-740e00afcba9', '00000000-0000-0000-2026-000000000011', '7081', 'Si Woo Kim', 300),
  ('fbdee181-d8ac-dda8-fc96-0550ab264ec3', '66406abc-d765-8457-91ed-740e00afcba9', '00000000-0000-0000-2026-000000000012', '5539', 'Tommy Fleetwood', 267),
  ('8712c4e5-e95b-28ed-56db-adde698d7a8e', '66406abc-d765-8457-91ed-740e00afcba9', '00000000-0000-0000-2026-000000000013', NULL, 'Rahm', 500),
  ('2c54d406-8ece-c17a-0da5-7e208a793c5a', '66406abc-d765-8457-91ed-740e00afcba9', '00000000-0000-0000-2026-000000000014', '4425906', 'Cam Young', 15),
  ('8d4f0ad8-5a63-58ed-d48f-28a74551d621', '582e9541-ac9f-c27d-4110-a4155e1f2e47', '00000000-0000-0000-2026-000000000001', NULL, 'M Fitz', 4),
  ('221baa39-1ebc-59e9-1a4b-6af7631c1f5c', '582e9541-ac9f-c27d-4110-a4155e1f2e47', '00000000-0000-0000-2026-000000000002', '10166', 'JJ Spaun', 0),
  ('c1deccf7-75cb-60f8-e315-aa7c835d17d9', '582e9541-ac9f-c27d-4110-a4155e1f2e47', '00000000-0000-0000-2026-000000000003', NULL, '', 0),
  ('09ede702-a6a8-c4fe-85b5-3e62cc47e4b0', '582e9541-ac9f-c27d-4110-a4155e1f2e47', '00000000-0000-0000-2026-000000000004', '5409', 'Russel Henley', 52),
  ('03e9a2e9-d1a6-0d93-7665-72979ad7937c', '582e9541-ac9f-c27d-4110-a4155e1f2e47', '00000000-0000-0000-2026-000000000005', '10592', 'Collin Morikawa', 176),
  ('cb533095-7933-63a7-d71b-ccef224371e4', '582e9541-ac9f-c27d-4110-a4155e1f2e47', '00000000-0000-0000-2026-000000000006', NULL, '', 0),
  ('f5fdd9b4-8130-ed3c-e307-98e02060439f', '582e9541-ac9f-c27d-4110-a4155e1f2e47', '00000000-0000-0000-2026-000000000007', NULL, '', 0),
  ('c821ca0a-7a40-ab96-10b8-a507c4fc7660', '582e9541-ac9f-c27d-4110-a4155e1f2e47', '00000000-0000-0000-2026-000000000008', NULL, '', 0),
  ('5974e78a-0bfa-9ca2-48fe-8f17bc65bfc7', '582e9541-ac9f-c27d-4110-a4155e1f2e47', '00000000-0000-0000-2026-000000000009', NULL, '', 0),
  ('e44c517d-e3c9-ec6e-2d30-100f78238912', '582e9541-ac9f-c27d-4110-a4155e1f2e47', '00000000-0000-0000-2026-000000000010', NULL, '', 0),
  ('4a3c2b4d-e8bc-bec7-55a2-7be9d03ebbb4', '582e9541-ac9f-c27d-4110-a4155e1f2e47', '00000000-0000-0000-2026-000000000011', '4425906', 'Cameron Young', 700),
  ('b7b9de3c-a92e-5c02-d830-04e4e43a6879', '582e9541-ac9f-c27d-4110-a4155e1f2e47', '00000000-0000-0000-2026-000000000012', '4848', 'Justin Thomas', 110),
  ('e9618347-88fe-cc0f-e9e5-ffc9d84cb1cf', '582e9541-ac9f-c27d-4110-a4155e1f2e47', '00000000-0000-0000-2026-000000000013', NULL, 'Scottie Sheffler', 90),
  ('d83faffc-7d90-d198-a4b5-cde08fdb33cd', '582e9541-ac9f-c27d-4110-a4155e1f2e47', '00000000-0000-0000-2026-000000000014', '4375972', 'Ludvig Aberg', 21),
  ('e8c6ba7b-fe7f-9997-c63a-7e7fd9476b98', '52c3a4f6-f8d2-3d19-0dd0-261675c39fc8', '00000000-0000-0000-2026-000000000001', '4419142', 'Akshay Bhatia', 0),
  ('e5df62bd-7064-2cb5-06a5-88cbbe370094', '52c3a4f6-f8d2-3d19-0dd0-261675c39fc8', '00000000-0000-0000-2026-000000000002', NULL, 'Xander Schauff', 0),
  ('a1ac27cc-e44d-f71a-5de6-545de86aa645', '52c3a4f6-f8d2-3d19-0dd0-261675c39fc8', '00000000-0000-0000-2026-000000000003', NULL, 'Scottie Scheff', 125),
  ('c0a54bab-7b9b-3e44-faaa-9e68ac543afa', '52c3a4f6-f8d2-3d19-0dd0-261675c39fc8', '00000000-0000-0000-2026-000000000004', '569', 'Justin Rose', 20),
  ('1155dcad-5739-649e-870d-855a304f6fd0', '52c3a4f6-f8d2-3d19-0dd0-261675c39fc8', '00000000-0000-0000-2026-000000000005', '5408', 'Harris English', 47),
  ('f2f872fc-a102-5564-1635-1a1bb57ff5a4', '52c3a4f6-f8d2-3d19-0dd0-261675c39fc8', '00000000-0000-0000-2026-000000000006', '5539', 'Tommy Fleetwood', 14),
  ('d8a4ee85-f203-4252-231e-43d9aaddfbe6', '52c3a4f6-f8d2-3d19-0dd0-261675c39fc8', '00000000-0000-0000-2026-000000000007', '5467', 'Jordan Spieth', 26),
  ('e437c0d5-c592-7d34-3f74-86a272db520c', '52c3a4f6-f8d2-3d19-0dd0-261675c39fc8', '00000000-0000-0000-2026-000000000008', '4410932', 'Min Woo Lee', 163),
  ('f338a190-3648-1694-33a4-acac45bf6a74', '52c3a4f6-f8d2-3d19-0dd0-261675c39fc8', '00000000-0000-0000-2026-000000000009', NULL, 'Morikawa', 238),
  ('4dbd1e42-3f76-f408-b9df-c25779012b30', '52c3a4f6-f8d2-3d19-0dd0-261675c39fc8', '00000000-0000-0000-2026-000000000010', '4425906', 'Cam Young', 35),
  ('0f5351d8-8ade-6234-0964-e9a918ca83d0', '52c3a4f6-f8d2-3d19-0dd0-261675c39fc8', '00000000-0000-0000-2026-000000000011', '9938', 'Sam Burns', 18),
  ('0ab82ce3-d03f-f2ac-b708-5179ba47f480', '52c3a4f6-f8d2-3d19-0dd0-261675c39fc8', '00000000-0000-0000-2026-000000000012', NULL, 'Ben Griff', 7),
  ('eca1ecce-8659-68f1-fcf7-4a97c3605b66', '52c3a4f6-f8d2-3d19-0dd0-261675c39fc8', '00000000-0000-0000-2026-000000000013', NULL, 'Aberg', 300),
  ('b063c085-3ebb-2d25-d093-1f567f7d9d50', '52c3a4f6-f8d2-3d19-0dd0-261675c39fc8', '00000000-0000-0000-2026-000000000014', NULL, 'Maverick', 140),
  ('3f307158-b30b-f35d-fc55-a735a759355f', 'cc831a30-808b-cf0b-8eaf-79fd1d9db9e4', '00000000-0000-0000-2026-000000000001', '4410932', 'Min Woo Lee', 16),
  ('c6d060f8-0893-ed1b-2ab3-274abaff22af', 'cc831a30-808b-cf0b-8eaf-79fd1d9db9e4', '00000000-0000-0000-2026-000000000002', '4425906', 'Cameron Young', 37),
  ('7420877f-e58c-0332-e9c0-ea5b7b862085', 'cc831a30-808b-cf0b-8eaf-79fd1d9db9e4', '00000000-0000-0000-2026-000000000003', '9530', 'Maverick McNealy', 57),
  ('060359df-ab0a-1353-d979-4a53c29d197c', 'cc831a30-808b-cf0b-8eaf-79fd1d9db9e4', '00000000-0000-0000-2026-000000000004', '4364873', 'Viktor Hovland', 9),
  ('67f7c936-09a0-45db-3632-d8baf70e50d5', 'cc831a30-808b-cf0b-8eaf-79fd1d9db9e4', '00000000-0000-0000-2026-000000000005', '5539', 'Tommy Fleetwood', 176),
  ('61c4055b-f586-f323-243a-0e307da2892b', 'cc831a30-808b-cf0b-8eaf-79fd1d9db9e4', '00000000-0000-0000-2026-000000000006', '5860', 'Hideki Matsuyama', 19),
  ('e7d4cfde-d313-5070-8ea2-08b6e72abd0d', 'cc831a30-808b-cf0b-8eaf-79fd1d9db9e4', '00000000-0000-0000-2026-000000000007', '3702', 'Ricky Fowler', 19),
  ('854fd7e4-4977-2e20-0dae-7d076e9a628d', 'cc831a30-808b-cf0b-8eaf-79fd1d9db9e4', '00000000-0000-0000-2026-000000000008', '4690755', 'Chris Gotterup', 89),
  ('dc711fc5-b9fa-eb24-906d-d4e2fa2cc8c4', 'cc831a30-808b-cf0b-8eaf-79fd1d9db9e4', '00000000-0000-0000-2026-000000000009', '4375972', 'Ludvig Aberg', 53),
  ('a10c4869-22e2-b64d-29ba-5345db29f79b', 'cc831a30-808b-cf0b-8eaf-79fd1d9db9e4', '00000000-0000-0000-2026-000000000010', '9037', 'Matt Fitzpatrick', 700),
  ('cfd20270-8d62-4edb-9a17-5f8ec645057e', 'cc831a30-808b-cf0b-8eaf-79fd1d9db9e4', '00000000-0000-0000-2026-000000000011', '3550', 'Gary Woodland', 18),
  ('d03af88c-c34c-a532-934c-08a233526e61', 'cc831a30-808b-cf0b-8eaf-79fd1d9db9e4', '00000000-0000-0000-2026-000000000012', '10364', 'Kurt Kitayama', 52),
  ('84fd5920-60f2-1be7-71ef-d8330c8cf35f', 'cc831a30-808b-cf0b-8eaf-79fd1d9db9e4', '00000000-0000-0000-2026-000000000013', '9478', 'Scottie Scheffler', 90),
  ('375a1b24-defb-e498-1a80-743262cad0d5', 'cc831a30-808b-cf0b-8eaf-79fd1d9db9e4', '00000000-0000-0000-2026-000000000014', '4404992', 'Ben Griffin', 0),
  ('2a8fdcb8-ee96-9b0f-def8-7e4cfab3817c', 'edf27124-4fa2-f000-bae9-e2b1b9db6340', '00000000-0000-0000-2026-000000000001', '10505', 'JT Poston', 16),
  ('713a066b-86fb-30f9-0fba-a92c5e75e142', 'edf27124-4fa2-f000-bae9-e2b1b9db6340', '00000000-0000-0000-2026-000000000002', '1680', 'Jason Day', 16),
  ('ff6c1010-e71f-1051-d5df-58a4f373df63', 'edf27124-4fa2-f000-bae9-e2b1b9db6340', '00000000-0000-0000-2026-000000000003', '10980', 'Sahith Theegala', 44),
  ('637a8713-cef9-789a-7718-7d0956f81f9f', 'edf27124-4fa2-f000-bae9-e2b1b9db6340', '00000000-0000-0000-2026-000000000004', '5409', 'Russell Henley', 52),
  ('05e3357d-8180-b676-46cc-f4fd83231f82', 'edf27124-4fa2-f000-bae9-e2b1b9db6340', '00000000-0000-0000-2026-000000000005', '6007', 'Patrick Cantlay', 22),
  ('f829adff-f4c8-3f3b-0f7e-e08d877d477f', 'edf27124-4fa2-f000-bae9-e2b1b9db6340', '00000000-0000-0000-2026-000000000006', '11382', 'Sungjae Im', 0),
  ('99a0343d-056d-ed0f-f3ac-f34b509be8f5', 'edf27124-4fa2-f000-bae9-e2b1b9db6340', '00000000-0000-0000-2026-000000000007', '5860', 'Hideki Matsuyama', 39),
  ('6e81b915-58a4-1fb7-a14c-4e3c25c83e9e', 'edf27124-4fa2-f000-bae9-e2b1b9db6340', '00000000-0000-0000-2026-000000000008', '5076021', 'Ryan Gerard', 0),
  ('e7976adb-ca8e-edcb-920c-af77e0d76457', 'edf27124-4fa2-f000-bae9-e2b1b9db6340', '00000000-0000-0000-2026-000000000009', '9780', 'Jon Rahm', 23),
  ('feebe4d0-e253-723e-f911-20f871de66ed', 'edf27124-4fa2-f000-bae9-e2b1b9db6340', '00000000-0000-0000-2026-000000000010', '5467', 'Jordan Spieth', 23),
  ('fd8bb2d9-acd2-5519-9a6c-56708f56f779', 'edf27124-4fa2-f000-bae9-e2b1b9db6340', '00000000-0000-0000-2026-000000000011', '9478', 'Scottie Scheffler', 400),
  ('41590297-755a-32d6-1de0-137f370507f0', 'edf27124-4fa2-f000-bae9-e2b1b9db6340', '00000000-0000-0000-2026-000000000012', '3470', 'Rory Mcilroy', 52),
  ('e75850a9-cbde-a3e2-b072-2570b261f47a', 'edf27124-4fa2-f000-bae9-e2b1b9db6340', '00000000-0000-0000-2026-000000000013', '4425906', 'Cam Young', 37),
  ('f9997809-4d1e-f830-58a4-f5a9f0ed1569', 'edf27124-4fa2-f000-bae9-e2b1b9db6340', '00000000-0000-0000-2026-000000000014', '4375972', 'Ludvig Aberg', 21),
  ('40f99a0e-afa6-6949-f1e7-04ef22287e0d', 'bc9b6116-f94c-853f-66f8-225dc54ca4a1', '00000000-0000-0000-2026-000000000001', '4589438', 'Harry Hall', 36),
  ('fda15c49-a3e8-043e-2639-e2127004da26', 'bc9b6116-f94c-853f-66f8-225dc54ca4a1', '00000000-0000-0000-2026-000000000002', NULL, 'Theegala', 85),
  ('0508a1e0-f077-5c7d-45ab-2357f76e2b84', 'bc9b6116-f94c-853f-66f8-225dc54ca4a1', '00000000-0000-0000-2026-000000000003', '9530', 'Mav McNealy', 57),
  ('74d4b75a-94ee-0667-c8ea-8f0708774dab', 'bc9b6116-f94c-853f-66f8-225dc54ca4a1', '00000000-0000-0000-2026-000000000004', '569', 'Justin Rose', 20),
  ('20726429-c0f9-bd7b-a076-c7fb3525ffab', 'bc9b6116-f94c-853f-66f8-225dc54ca4a1', '00000000-0000-0000-2026-000000000005', '5539', 'Tommy Fleetwood', 176),
  ('80ae4bad-5d39-342f-db09-394495fb7073', 'bc9b6116-f94c-853f-66f8-225dc54ca4a1', '00000000-0000-0000-2026-000000000006', '4587', 'Shane Lowry', 0),
  ('3e3d4d04-03b2-b176-6710-107759b2711d', 'bc9b6116-f94c-853f-66f8-225dc54ca4a1', '00000000-0000-0000-2026-000000000007', '4375972', 'Ludvig Aberg', 275),
  ('f23d110e-6c86-c6ed-ea44-fa864a1245fd', 'bc9b6116-f94c-853f-66f8-225dc54ca4a1', '00000000-0000-0000-2026-000000000008', '4585549', 'Marco Penge', 0),
  ('2ec36ae2-eebe-da1e-f638-c0a5415821f2', 'bc9b6116-f94c-853f-66f8-225dc54ca4a1', '00000000-0000-0000-2026-000000000009', '10046', 'Bryson DeChambeau', 0),
  ('38ba03e0-43d5-34b0-cfcc-e0e26acf4966', 'bc9b6116-f94c-853f-66f8-225dc54ca4a1', '00000000-0000-0000-2026-000000000010', '5409', 'Russell Henley', 35),
  ('5e332c42-48eb-ecdd-57e2-6e2e3d484f07', 'bc9b6116-f94c-853f-66f8-225dc54ca4a1', '00000000-0000-0000-2026-000000000011', '4690755', 'Chris Gotterup', 18),
  ('1a1b8905-8334-7381-6d11-6def08a7fb7e', 'bc9b6116-f94c-853f-66f8-225dc54ca4a1', '00000000-0000-0000-2026-000000000012', NULL, 'Rory Mcllroy', 52),
  ('3253bc86-5692-87e5-7fa7-9da48e2bff83', 'bc9b6116-f94c-853f-66f8-225dc54ca4a1', '00000000-0000-0000-2026-000000000013', '9780', 'Jon Rahm', 500),
  ('2674880b-89dd-c132-70f0-f02d3149303a', 'bc9b6116-f94c-853f-66f8-225dc54ca4a1', '00000000-0000-0000-2026-000000000014', '4425906', 'Can Young', 15),
  ('651c70b8-0232-a0c6-d416-2f624a65c0dd', '81b99b25-ff74-4d94-3e36-0c88e959697b', '00000000-0000-0000-2026-000000000003', '7081', 'Si Woo Kim', 125),
  ('e627675a-04c6-f2bd-ddb9-356a3bb72fd9', '81b99b25-ff74-4d94-3e36-0c88e959697b', '00000000-0000-0000-2026-000000000004', '1680', 'Jason Day', 40),
  ('1526b25a-10eb-9d14-c2bc-a35aa8d613f7', '81b99b25-ff74-4d94-3e36-0c88e959697b', '00000000-0000-0000-2026-000000000005', '6007', 'Patrick Cantlay', 22),
  ('ea0c1a60-dc14-f377-1856-4f307de35f53', '81b99b25-ff74-4d94-3e36-0c88e959697b', '00000000-0000-0000-2026-000000000006', '5539', 'Tommy Fleetwood', 14),
  ('b5fb59aa-cdb8-b087-28f1-2499130b97dc', '81b99b25-ff74-4d94-3e36-0c88e959697b', '00000000-0000-0000-2026-000000000007', '4419142', 'Akshay Bhatia', 81),
  ('783d06b9-7e0f-f02b-089b-d22912b947cb', '81b99b25-ff74-4d94-3e36-0c88e959697b', '00000000-0000-0000-2026-000000000008', '9938', 'Sam Burns', 37),
  ('40233707-afd9-3850-450d-4a5fb61937c2', '81b99b25-ff74-4d94-3e36-0c88e959697b', '00000000-0000-0000-2026-000000000009', '9780', 'Jon Rahm', 23),
  ('9e2b8428-1771-f60d-1adb-05ff24feebaf', '81b99b25-ff74-4d94-3e36-0c88e959697b', '00000000-0000-0000-2026-000000000010', '4425906', 'Cameron Young', 35),
  ('329267c4-e1d4-a738-ea7c-64cf72e9542a', '81b99b25-ff74-4d94-3e36-0c88e959697b', '00000000-0000-0000-2026-000000000011', '10592', 'Collin Morikawa', 8),
  ('5e9539b2-0460-1aed-166b-5b6036c597cf', '81b99b25-ff74-4d94-3e36-0c88e959697b', '00000000-0000-0000-2026-000000000012', '9037', 'Matt Fitzpatrick', 10),
  ('1bc44e3e-969c-a057-183d-8ae8190cda9e', '81b99b25-ff74-4d94-3e36-0c88e959697b', '00000000-0000-0000-2026-000000000013', '5553', 'Tyrell Hatton', 0),
  ('9ea316da-bd53-1c6c-5b17-f55ec322843c', '81b99b25-ff74-4d94-3e36-0c88e959697b', '00000000-0000-0000-2026-000000000014', '10166', 'JJ Spaun', 100),
  ('1697ebcb-4a92-3e70-4c8f-f9fd446de0f5', '9b657fce-36bc-a945-38b8-7e234654ac5e', '00000000-0000-0000-2026-000000000001', '6007', 'Patrick Cantlay', 55),
  ('77aefb02-0629-316f-8e2f-6f60eabb407d', '9b657fce-36bc-a945-38b8-7e234654ac5e', '00000000-0000-0000-2026-000000000002', '1680', 'Jason Day', 16),
  ('c7e99abe-29ba-ff14-f720-ccdf2add3253', '9b657fce-36bc-a945-38b8-7e234654ac5e', '00000000-0000-0000-2026-000000000003', '10980', 'Sahith Theegala', 44),
  ('96f64f6d-a759-de6c-a276-57d5f21ecc7f', '9b657fce-36bc-a945-38b8-7e234654ac5e', '00000000-0000-0000-2026-000000000004', '7081', 'Si Woo Kim', 16),
  ('4ceeaf29-e9de-69fb-b43b-e6387bdff64b', '9b657fce-36bc-a945-38b8-7e234654ac5e', '00000000-0000-0000-2026-000000000005', '5860', 'Hideki Matsuyama', 32),
  ('ac74099d-efbb-bab6-e7ad-4a4fc6cb84ca', '9b657fce-36bc-a945-38b8-7e234654ac5e', '00000000-0000-0000-2026-000000000006', '5539', 'Tommy Fleetwood', 14),
  ('68b22978-0a83-547a-7784-ed26b0a4b145', '9b657fce-36bc-a945-38b8-7e234654ac5e', '00000000-0000-0000-2026-000000000007', '9843', 'Jake Knapp', 0),
  ('e8d7a74d-fb87-6c0f-ddbf-ae5064588bf6', '9b657fce-36bc-a945-38b8-7e234654ac5e', '00000000-0000-0000-2026-000000000008', '4690755', 'Chris Gotterup', 89),
  ('4d0cf6fb-9c47-c817-6902-fd962ec7b982', '9b657fce-36bc-a945-38b8-7e234654ac5e', '00000000-0000-0000-2026-000000000009', '5579', 'Patrick Reed', 102),
  ('bf0ff8dc-d051-91cf-f309-2592fdbacea4', '9b657fce-36bc-a945-38b8-7e234654ac5e', '00000000-0000-0000-2026-000000000010', '4425906', 'Cam Young', 35),
  ('5f6e9607-4fc7-a28f-43d9-20ce3aafa9cc', '9b657fce-36bc-a945-38b8-7e234654ac5e', '00000000-0000-0000-2026-000000000011', '3550', 'Gary woodland', 18),
  ('269c0d97-0bae-2897-9d9a-439ee2e59175', '9b657fce-36bc-a945-38b8-7e234654ac5e', '00000000-0000-0000-2026-000000000012', '9037', 'Matt Fitzpatrick', 10),
  ('cea79f41-0fcd-b854-144e-6f89ad56904b', '9b657fce-36bc-a945-38b8-7e234654ac5e', '00000000-0000-0000-2026-000000000013', '9478', 'Scottie Scheffler', 90),
  ('711be856-7e3e-7eff-37a9-59caf036ca6c', '9b657fce-36bc-a945-38b8-7e234654ac5e', '00000000-0000-0000-2026-000000000014', NULL, '', 0),
  ('98c55467-def8-4c37-255f-9b15e144e6a8', 'f6846820-f1c9-5ff9-a1c2-a39722eeb658', '00000000-0000-0000-2026-000000000001', '2230', 'Tony Finau', 0),
  ('23fc0c36-4ca4-7b8b-6d4f-06f88089beb4', 'f6846820-f1c9-5ff9-a1c2-a39722eeb658', '00000000-0000-0000-2026-000000000002', '8973', 'Max Homa', 0),
  ('2b37fa4a-53bd-0c87-885b-33a753597ad3', 'f6846820-f1c9-5ff9-a1c2-a39722eeb658', '00000000-0000-0000-2026-000000000003', '9530', 'Maverick McNealy', 57),
  ('ef7efeb6-cd5a-7c37-69c6-bc2223ec5955', 'f6846820-f1c9-5ff9-a1c2-a39722eeb658', '00000000-0000-0000-2026-000000000004', NULL, '', 0),
  ('989b7f4e-0856-2d11-3dd5-f20f74998456', 'f6846820-f1c9-5ff9-a1c2-a39722eeb658', '00000000-0000-0000-2026-000000000005', '9843', 'Jake Knapp', 275),
  ('50c4190b-9a13-f5a2-061a-835f870d0651', 'f6846820-f1c9-5ff9-a1c2-a39722eeb658', '00000000-0000-0000-2026-000000000006', '3470', 'Rory Mcilroy', 0),
  ('bd2fb781-809f-9019-e311-f90b73df6085', 'f6846820-f1c9-5ff9-a1c2-a39722eeb658', '00000000-0000-0000-2026-000000000007', '7081', 'Si Woo Kim', 13),
  ('b311d34b-a32e-e889-20a5-1a3abbba3cae', 'f6846820-f1c9-5ff9-a1c2-a39722eeb658', '00000000-0000-0000-2026-000000000008', NULL, '', 0),
  ('16f274fb-04ce-9309-5250-275a56d5c9d2', 'f6846820-f1c9-5ff9-a1c2-a39722eeb658', '00000000-0000-0000-2026-000000000009', '4425906', 'Cameron Young', 313),
  ('48f62777-9511-1752-1c70-e6ef3ff3f609', 'f6846820-f1c9-5ff9-a1c2-a39722eeb658', '00000000-0000-0000-2026-000000000010', NULL, '', 0),
  ('505a0566-875f-6df1-76f6-00c5428f1eac', 'f6846820-f1c9-5ff9-a1c2-a39722eeb658', '00000000-0000-0000-2026-000000000011', '10980', 'Sahith Theegala', 27),
  ('724cab6e-94a1-3bb9-49e0-2db33c363cd1', 'f6846820-f1c9-5ff9-a1c2-a39722eeb658', '00000000-0000-0000-2026-000000000012', NULL, '', 0),
  ('fd34cfcc-a674-1214-fd60-c37189cdcd12', 'f6846820-f1c9-5ff9-a1c2-a39722eeb658', '00000000-0000-0000-2026-000000000013', NULL, '', 0),
  ('9d749f10-0828-abe2-bcdc-761b362257bc', 'f6846820-f1c9-5ff9-a1c2-a39722eeb658', '00000000-0000-0000-2026-000000000014', '4375972', 'Ludvig Aberg', 21),
  ('af50bf8c-6c5d-2d8f-3ed6-01a3a0b37c97', 'fdaf588c-41f3-e2c8-7970-5f76bc3624c8', '00000000-0000-0000-2026-000000000001', '569', 'Justin Rose', 0),
  ('ede4888b-e0ab-9708-abf3-77b7a5c1e0ff', 'fdaf588c-41f3-e2c8-7970-5f76bc3624c8', '00000000-0000-0000-2026-000000000002', '10140', 'Xander Schauffele', 0),
  ('2bfdb30d-9530-ad03-cf40-dad8e72cbf4d', 'fdaf588c-41f3-e2c8-7970-5f76bc3624c8', '00000000-0000-0000-2026-000000000003', '6798', 'Brooks Koepka', 0),
  ('73416a37-bdbf-bbc8-48b1-d39bd8215151', 'fdaf588c-41f3-e2c8-7970-5f76bc3624c8', '00000000-0000-0000-2026-000000000004', '5409', 'Russell Henley', 52),
  ('26d957a1-575e-0075-1d50-9bf0d9d83f98', 'fdaf588c-41f3-e2c8-7970-5f76bc3624c8', '00000000-0000-0000-2026-000000000005', NULL, 'Mcilroy', 375),
  ('8c7bd08d-65d6-1480-5a98-31c73ad80ecc', 'fdaf588c-41f3-e2c8-7970-5f76bc3624c8', '00000000-0000-0000-2026-000000000006', '9037', 'Matt Fitzpatrick', 19),
  ('7ac9c863-9ec3-3225-bb40-cdb6e2217907', 'fdaf588c-41f3-e2c8-7970-5f76bc3624c8', '00000000-0000-0000-2026-000000000007', '3702', 'Ricky Fowler', 19),
  ('b6c510d8-9a7d-cdca-0a5d-526773bf86ff', 'fdaf588c-41f3-e2c8-7970-5f76bc3624c8', '00000000-0000-0000-2026-000000000008', NULL, 'Nicolai Hojgaard', 300),
  ('27faecb9-ea25-74d2-10fa-869438fba5ad', 'fdaf588c-41f3-e2c8-7970-5f76bc3624c8', '00000000-0000-0000-2026-000000000009', '9780', 'John Rahm', 23),
  ('92763349-3d2e-3fed-610b-cf5e5665f4cd', 'fdaf588c-41f3-e2c8-7970-5f76bc3624c8', '00000000-0000-0000-2026-000000000010', '5467', 'Jordan Spieth', 23),
  ('ff0016ef-8f71-e236-8a98-2cae9ae22854', 'fdaf588c-41f3-e2c8-7970-5f76bc3624c8', '00000000-0000-0000-2026-000000000011', '9478', 'Scottie Scheffler', 400),
  ('509a0042-9011-8d34-a4a5-0634a79f6843', 'fdaf588c-41f3-e2c8-7970-5f76bc3624c8', '00000000-0000-0000-2026-000000000012', '3550', 'Gary Woodland', 68),
  ('b15bcf8a-14b7-319d-2a94-3a0d2e5650e4', 'fdaf588c-41f3-e2c8-7970-5f76bc3624c8', '00000000-0000-0000-2026-000000000013', NULL, 'Gotterup', 145),
  ('365cf4d7-8dd7-4e8a-b778-1fc106bc4997', 'fdaf588c-41f3-e2c8-7970-5f76bc3624c8', '00000000-0000-0000-2026-000000000014', '4425906', 'Cam Young', 15),
  ('6989d5de-2dd1-c901-9fb1-c7277266a6f9', '9c383307-7850-de0f-ea96-d3075a592709', '00000000-0000-0000-2026-000000000001', '4404992', 'Ben Griffin', 36),
  ('a652807d-2a76-6591-8e86-31f57981bcf7', '9c383307-7850-de0f-ea96-d3075a592709', '00000000-0000-0000-2026-000000000002', '8973', 'Max Homa', 0),
  ('7e22b788-0729-89d5-7f08-3667146d752f', '9c383307-7850-de0f-ea96-d3075a592709', '00000000-0000-0000-2026-000000000003', '7081', 'Si Woo Kim', 125),
  ('9af87dbd-2b74-aa41-7c4e-394ee25dcdda', '9c383307-7850-de0f-ea96-d3075a592709', '00000000-0000-0000-2026-000000000004', '1680', 'Jason Day', 40),
  ('e214273c-dda0-ce4a-451b-a3fb11c20dc1', '9c383307-7850-de0f-ea96-d3075a592709', '00000000-0000-0000-2026-000000000005', '9843', 'Jake Knapp', 275),
  ('795de8e2-65ff-6b29-dabf-847328adfaef', '9c383307-7850-de0f-ea96-d3075a592709', '00000000-0000-0000-2026-000000000006', '4425906', 'Cameron Young', 338),
  ('787fc4b2-26df-fe7f-f019-0d4cf9dd3474', '9c383307-7850-de0f-ea96-d3075a592709', '00000000-0000-0000-2026-000000000007', '5409', 'Russell Henley', 81),
  ('a8f0fe20-c43c-4ecf-4d77-648d5b84579a', '9c383307-7850-de0f-ea96-d3075a592709', '00000000-0000-0000-2026-000000000008', '4690755', 'Chris Gotterup', 89),
  ('1d8f9a3a-fa9e-c400-5b4b-6572ed0183f1', '9c383307-7850-de0f-ea96-d3075a592709', '00000000-0000-0000-2026-000000000009', '9780', 'John Rahm', 23),
  ('6c9dda40-2417-60cb-4e9a-26de14e7da88', '9c383307-7850-de0f-ea96-d3075a592709', '00000000-0000-0000-2026-000000000010', '9530', 'Maverick McNealy', 58),
  ('0c8f3c8e-365e-5ea8-9234-056becd98713', '9c383307-7850-de0f-ea96-d3075a592709', '00000000-0000-0000-2026-000000000011', '9938', 'Sam Burns', 18),
  ('53df62d3-b23c-422b-ea9b-eb357834c4b9', '9c383307-7850-de0f-ea96-d3075a592709', '00000000-0000-0000-2026-000000000012', '5539', 'Tommy Fleetwood', 267),
  ('5042dcd0-5fc0-1c78-341f-9143ee86b3fd', '9c383307-7850-de0f-ea96-d3075a592709', '00000000-0000-0000-2026-000000000013', NULL, 'Jordan Speith', 56),
  ('5d7be053-8491-2185-47a3-50ca74ec1569', '9c383307-7850-de0f-ea96-d3075a592709', '00000000-0000-0000-2026-000000000014', '9478', 'Scottie Scheffler', 100),
  ('18e7f4e2-3dfd-2793-031c-2f7127ef8126', 'e42c1511-1cd8-1cfd-9ea7-f35bdd8bb50b', '00000000-0000-0000-2026-000000000001', '6007', 'Patrick Cantlay', 55),
  ('e4b6986b-86a5-4809-cdbc-3c8960059e6b', 'e42c1511-1cd8-1cfd-9ea7-f35bdd8bb50b', '00000000-0000-0000-2026-000000000002', '1680', 'Jason Day', 16),
  ('662cdd42-7d0d-c28f-a59a-211883bd9ea4', 'e42c1511-1cd8-1cfd-9ea7-f35bdd8bb50b', '00000000-0000-0000-2026-000000000003', '9530', 'Maverick McNealy', 57),
  ('2039ec54-2563-928d-9c29-1b23ed4be48f', 'e42c1511-1cd8-1cfd-9ea7-f35bdd8bb50b', '00000000-0000-0000-2026-000000000004', '9478', 'Scottie Scheffler', 313),
  ('be7f5e80-6a7a-5f6a-5a91-f3d737cc14a2', 'e42c1511-1cd8-1cfd-9ea7-f35bdd8bb50b', '00000000-0000-0000-2026-000000000005', '5409', 'Russell Henley', 0),
  ('88c9ec07-15d7-4e20-5422-ad185a8157b0', 'e42c1511-1cd8-1cfd-9ea7-f35bdd8bb50b', '00000000-0000-0000-2026-000000000006', '4364873', 'Viktor Hovland', 90),
  ('ca8b8151-22e5-7623-00d1-1b950e5ec629', 'e42c1511-1cd8-1cfd-9ea7-f35bdd8bb50b', '00000000-0000-0000-2026-000000000007', '4375972', 'Ludvig Aberg', 275),
  ('1cf622a6-de37-c705-9b54-de55d14b7c56', 'e42c1511-1cd8-1cfd-9ea7-f35bdd8bb50b', '00000000-0000-0000-2026-000000000008', '4690755', 'Chris Gotterup', 89),
  ('b017c18d-9a71-6b72-e1ee-2977ac43d442', 'e42c1511-1cd8-1cfd-9ea7-f35bdd8bb50b', '00000000-0000-0000-2026-000000000009', '9780', 'Jon Rahm', 23),
  ('478df234-3f20-f691-a616-40b0eea8450f', 'e42c1511-1cd8-1cfd-9ea7-f35bdd8bb50b', '00000000-0000-0000-2026-000000000010', '9938', 'Sam Burns', 58),
  ('19f3d5d9-2d90-e940-c71a-dca922009113', 'e42c1511-1cd8-1cfd-9ea7-f35bdd8bb50b', '00000000-0000-0000-2026-000000000011', '4425906', 'Cameron Young', 700),
  ('a367b03b-6410-ac8c-ff81-d05646db6eb1', 'e42c1511-1cd8-1cfd-9ea7-f35bdd8bb50b', '00000000-0000-0000-2026-000000000012', '10140', 'Xander Schauffele', 8),
  ('2a96ab8f-b33c-221e-0662-4d51fec25a4a', 'e42c1511-1cd8-1cfd-9ea7-f35bdd8bb50b', '00000000-0000-0000-2026-000000000013', '5539', 'Tommy Fleetwood', 0),
  ('b1ad61dd-e3ca-0473-ee8c-8dece1453db1', 'e42c1511-1cd8-1cfd-9ea7-f35bdd8bb50b', '00000000-0000-0000-2026-000000000014', '4404992', 'Ben Griffin', 0),
  ('2136bdf1-b8eb-80a6-4100-42efe07d119c', '9885656a-24df-f2b5-5fe9-6e40075c3e64', '00000000-0000-0000-2026-000000000001', '7081', 'Si Woo Kim', 95),
  ('39cbbded-79a6-32e2-859e-9975308409a6', '9885656a-24df-f2b5-5fe9-6e40075c3e64', '00000000-0000-0000-2026-000000000002', '8973', 'Max Homa', 0),
  ('4731284b-0af1-1f15-969f-7d6b18caae2e', '9885656a-24df-f2b5-5fe9-6e40075c3e64', '00000000-0000-0000-2026-000000000003', '4690755', 'Chris Gotterup', 500),
  ('a811bf15-8400-6efc-b22f-df4b9f52e07d', '9885656a-24df-f2b5-5fe9-6e40075c3e64', '00000000-0000-0000-2026-000000000004', '4837368', 'Pierson Coody', 13),
  ('d8786b41-c24e-3e6e-d9dd-3f43d5f889e7', '9885656a-24df-f2b5-5fe9-6e40075c3e64', '00000000-0000-0000-2026-000000000005', NULL, 'Xander Schauffle', 176),
  ('19dc652e-b545-5796-b791-b0a08e943824', '9885656a-24df-f2b5-5fe9-6e40075c3e64', '00000000-0000-0000-2026-000000000006', '9037', 'Mathew Fitzpatrick', 19),
  ('b281860c-dc80-5a4d-ca2f-879657dfd36c', '9885656a-24df-f2b5-5fe9-6e40075c3e64', '00000000-0000-0000-2026-000000000007', NULL, 'Ludvig Ahberg', 275),
  ('712c1b89-82ed-70e0-fbf6-8cba45a70ae1', '9885656a-24df-f2b5-5fe9-6e40075c3e64', '00000000-0000-0000-2026-000000000008', '10592', 'Collin Morikawa', 0),
  ('1b2502ff-c549-db35-921c-649158407b8b', '9885656a-24df-f2b5-5fe9-6e40075c3e64', '00000000-0000-0000-2026-000000000009', '9843', 'Jake Knapp', 155),
  ('2e499347-55a4-8fbd-75e2-3a55e91caab2', '9885656a-24df-f2b5-5fe9-6e40075c3e64', '00000000-0000-0000-2026-000000000010', '9478', 'Scotty Scheffler', 400),
  ('1d76805a-38a7-d508-f0f0-9b4cb2cc13eb', '9885656a-24df-f2b5-5fe9-6e40075c3e64', '00000000-0000-0000-2026-000000000011', '5409', 'Russell Henley', 13),
  ('9ba3c688-7420-3d31-8fe3-0ce878803fa6', '9885656a-24df-f2b5-5fe9-6e40075c3e64', '00000000-0000-0000-2026-000000000012', '8961', 'Sepp Straka', 7),
  ('11df959b-b4e8-0102-c0f5-e87b74686e1a', '9885656a-24df-f2b5-5fe9-6e40075c3e64', '00000000-0000-0000-2026-000000000013', '4425906', 'Camron Young', 37),
  ('5c66fb2e-9908-0450-d25b-d627bec80a04', '9885656a-24df-f2b5-5fe9-6e40075c3e64', '00000000-0000-0000-2026-000000000014', '3470', 'Rory McIlroy', 100),
  ('956a78ad-11ac-4f40-a74c-97616a6dc047', 'f43cd1f5-cf39-75a0-1df5-6043a7766df5', '00000000-0000-0000-2026-000000000001', '7081', 'Si Woo Kim', 95),
  ('61533c0d-23f8-668d-7a08-ce7fe7557565', 'f43cd1f5-cf39-75a0-1df5-6043a7766df5', '00000000-0000-0000-2026-000000000002', '5860', 'Hideki Matsuyama', 59),
  ('a471b075-ec67-91bb-95cc-b2a0dff9811f', 'f43cd1f5-cf39-75a0-1df5-6043a7766df5', '00000000-0000-0000-2026-000000000003', '4404992', 'Ben Griffin', 27),
  ('c616bd54-3d6d-7d3f-d579-6dc63b3f8a88', 'f43cd1f5-cf39-75a0-1df5-6043a7766df5', '00000000-0000-0000-2026-000000000004', '9843', 'Jake Knapp', 148),
  ('547ba7dd-8c75-df49-cbd5-d41d3cd35c97', 'f43cd1f5-cf39-75a0-1df5-6043a7766df5', '00000000-0000-0000-2026-000000000005', '9037', 'Matt Fitzpatrick', 41),
  ('49bc7066-88fc-2a1c-49c6-bd0eaacb11fe', 'f43cd1f5-cf39-75a0-1df5-6043a7766df5', '00000000-0000-0000-2026-000000000006', '4375972', 'Ludvig Åberg', 338),
  ('5984da2f-feed-4c68-8159-59eadf602c91', 'f43cd1f5-cf39-75a0-1df5-6043a7766df5', '00000000-0000-0000-2026-000000000007', '4690755', 'Chris Gotterup', 11),
  ('5179e987-13ce-c6ef-ef61-60698b997513', 'f43cd1f5-cf39-75a0-1df5-6043a7766df5', '00000000-0000-0000-2026-000000000008', '4410932', 'Min Woo Lee', 163),
  ('bcc4ae00-b9d5-b7b6-3ecd-a9831ff31587', 'f43cd1f5-cf39-75a0-1df5-6043a7766df5', '00000000-0000-0000-2026-000000000009', '10046', 'Bryson DeChambeau', 0),
  ('2bc2797d-ab2b-9798-738e-575c6a48166e', 'f43cd1f5-cf39-75a0-1df5-6043a7766df5', '00000000-0000-0000-2026-000000000010', '5539', 'Tommy Fleetwood', 12),
  ('8e6711ce-099c-3d92-2c33-b39e68eccd4d', 'f43cd1f5-cf39-75a0-1df5-6043a7766df5', '00000000-0000-0000-2026-000000000011', '5409', 'Russell Henley', 13),
  ('f1ed6513-cf8e-6f0f-b42f-4d433c892762', 'f43cd1f5-cf39-75a0-1df5-6043a7766df5', '00000000-0000-0000-2026-000000000012', '388', 'Adam Scott', 38),
  ('4623d27b-4463-faa6-878d-1a9f42cba91b', 'f43cd1f5-cf39-75a0-1df5-6043a7766df5', '00000000-0000-0000-2026-000000000013', '9478', 'Scottie Scheffler', 90),
  ('87068d2f-8c37-40ff-bfa7-e0f3253d1ed6', 'f43cd1f5-cf39-75a0-1df5-6043a7766df5', '00000000-0000-0000-2026-000000000014', '4425906', 'Cameron Young', 15),
  ('5d792fb9-d07d-eef9-f677-dec04cbca50e', '217f64df-0cd4-745b-8d26-4bb377a3afef', '00000000-0000-0000-2026-000000000001', '9037', 'Matt Fitzpatrick', 4),
  ('5acbf09d-5387-7412-c809-8dfa97f45201', '217f64df-0cd4-745b-8d26-4bb377a3afef', '00000000-0000-0000-2026-000000000002', '4425906', 'Cameron Young', 37),
  ('91f23de0-e6fc-8f32-864d-5a3e90098247', '217f64df-0cd4-745b-8d26-4bb377a3afef', '00000000-0000-0000-2026-000000000003', '5860', 'Hidecki Matsuyama', 300),
  ('a0a0cd83-5ca3-ba37-105a-1b9ec5648532', '217f64df-0cd4-745b-8d26-4bb377a3afef', '00000000-0000-0000-2026-000000000004', '5539', 'Tommy fleetwood', 313),
  ('c8cbf434-e759-e30d-a663-eb542d9ad800', '217f64df-0cd4-745b-8d26-4bb377a3afef', '00000000-0000-0000-2026-000000000005', '3470', 'Rory McIlroy', 375),
  ('9b5a440d-0f7e-a646-2447-d5512a9b8247', '217f64df-0cd4-745b-8d26-4bb377a3afef', '00000000-0000-0000-2026-000000000006', NULL, 'Xander Schauffle', 36),
  ('e079de0d-d554-b0f6-ce6c-3cec3c64f91f', '217f64df-0cd4-745b-8d26-4bb377a3afef', '00000000-0000-0000-2026-000000000007', '7081', 'Si woo Kim', 13),
  ('a6c942cc-555e-c708-f8e2-85edd2d42f00', '217f64df-0cd4-745b-8d26-4bb377a3afef', '00000000-0000-0000-2026-000000000008', '4690755', 'Chris Gotterup', 89),
  ('323bce03-7dbc-eac3-0c9f-075c4f4cd4d4', '217f64df-0cd4-745b-8d26-4bb377a3afef', '00000000-0000-0000-2026-000000000009', '9478', 'Scottie Scheffler', 500),
  ('97ee5e17-2c75-8ffd-21e3-a347e5260a67', '217f64df-0cd4-745b-8d26-4bb377a3afef', '00000000-0000-0000-2026-000000000010', '4848', 'Justin Thomas', 4),
  ('3e531a85-ea8c-5965-255a-d39d70d12ffd', '217f64df-0cd4-745b-8d26-4bb377a3afef', '00000000-0000-0000-2026-000000000011', '5409', 'Russell Henley', 13),
  ('2aa55993-a2bd-790b-46ae-be6f7dde2255', '217f64df-0cd4-745b-8d26-4bb377a3afef', '00000000-0000-0000-2026-000000000012', '3702', 'Rickie Fowler', 375),
  ('19c01e20-7440-c0a5-4fe7-7ddc13b15a6c', '217f64df-0cd4-745b-8d26-4bb377a3afef', '00000000-0000-0000-2026-000000000013', '4364873', 'Viktor Hovland', 0),
  ('d710f1cd-80cd-697f-c496-13f3cbec6411', '217f64df-0cd4-745b-8d26-4bb377a3afef', '00000000-0000-0000-2026-000000000014', NULL, 'Ludwig oberg', 21),
  ('91719ae0-15b0-f400-6c7c-e5e2df8a45fc', 'b6477a90-64cc-62a0-5313-744618b9d51b', '00000000-0000-0000-2026-000000000001', '9938', 'Sam Burns', 25),
  ('a8f89815-1b91-138f-b39b-15b3b5fbb58f', 'b6477a90-64cc-62a0-5313-744618b9d51b', '00000000-0000-0000-2026-000000000002', '4425906', 'Cameron Young', 37),
  ('d5d4490e-37f1-1f88-3735-563706a47bcc', 'b6477a90-64cc-62a0-5313-744618b9d51b', '00000000-0000-0000-2026-000000000003', NULL, 'Chris Goterrup', 500),
  ('f04e03fe-ef4f-5963-b6a5-945b493f3007', 'b6477a90-64cc-62a0-5313-744618b9d51b', '00000000-0000-0000-2026-000000000004', '9478', 'Scotty Scheffler', 313),
  ('09b02143-b681-d942-0fc0-206fc546522d', 'b6477a90-64cc-62a0-5313-744618b9d51b', '00000000-0000-0000-2026-000000000005', '7081', 'Si Woo Kim', 25),
  ('ef450c9e-b307-d5ef-6df3-c9962c960ac6', 'b6477a90-64cc-62a0-5313-744618b9d51b', '00000000-0000-0000-2026-000000000006', '4848', 'Justin Thomas', 0),
  ('d93ffb32-de9e-6682-4b09-d77f08fb09e5', 'b6477a90-64cc-62a0-5313-744618b9d51b', '00000000-0000-0000-2026-000000000007', '4410932', 'Min woo lee', 26),
  ('41e3c208-eb16-b4e8-02de-26acf5a6a402', 'b6477a90-64cc-62a0-5313-744618b9d51b', '00000000-0000-0000-2026-000000000008', '2230', 'Tony Finau', 15),
  ('c5f6a300-2439-77fc-f11c-ddd06768458e', 'b6477a90-64cc-62a0-5313-744618b9d51b', '00000000-0000-0000-2026-000000000009', '5579', 'Patrick Reed', 102),
  ('2a867f44-e42d-0a8b-5faf-c848292ff506', 'b6477a90-64cc-62a0-5313-744618b9d51b', '00000000-0000-0000-2026-000000000010', '5539', 'Timmy Fleetwood', 12),
  ('b43abdab-0f24-92d5-7734-10297f09156b', 'b6477a90-64cc-62a0-5313-744618b9d51b', '00000000-0000-0000-2026-000000000011', '4364873', 'Victor Hovland', 18),
  ('aaa9bf99-9742-6c02-8ac7-b38e78f1ed0f', 'b6477a90-64cc-62a0-5313-744618b9d51b', '00000000-0000-0000-2026-000000000012', '3470', 'Rory Mcilroy', 52),
  ('2791c6ac-9b4a-1111-6931-9a8fba995ff5', 'b6477a90-64cc-62a0-5313-744618b9d51b', '00000000-0000-0000-2026-000000000013', '9037', 'Matt Fitzpatrick', 90),
  ('fc5c1da2-90a8-1900-1a10-04d69b5b8b4c', 'b6477a90-64cc-62a0-5313-744618b9d51b', '00000000-0000-0000-2026-000000000014', '10980', 'Sahith Theegala', 29),
  ('8344554d-5c3d-c938-42df-10243401603f', '4da3fe68-4318-9e5a-4373-bffa76fc9b67', '00000000-0000-0000-2026-000000000001', '9938', 'Sam Burns', 25),
  ('7686c847-5ee1-c3cd-03c0-c7bbbefb3cf8', '4da3fe68-4318-9e5a-4373-bffa76fc9b67', '00000000-0000-0000-2026-000000000002', '6007', 'Patrick Cantlay', 0),
  ('06a52ab8-8b98-1708-80e8-e746598cde7b', '4da3fe68-4318-9e5a-4373-bffa76fc9b67', '00000000-0000-0000-2026-000000000003', '9478', 'Scottie Scheffler', 125),
  ('7696cdf5-1469-705e-510f-b709c3f6c247', '4da3fe68-4318-9e5a-4373-bffa76fc9b67', '00000000-0000-0000-2026-000000000004', '569', 'Justin Rose', 20),
  ('7862057a-6463-d29d-6b6c-28f185c298dd', '4da3fe68-4318-9e5a-4373-bffa76fc9b67', '00000000-0000-0000-2026-000000000005', '3470', 'Rory McIlroy', 375),
  ('6d2d0ad7-ee8a-fc81-3284-70a4d39c361d', '4da3fe68-4318-9e5a-4373-bffa76fc9b67', '00000000-0000-0000-2026-000000000006', '5539', 'Tommy Fleetwood', 14),
  ('cd813e19-711a-2ac6-82e2-65e8d9a24f49', '4da3fe68-4318-9e5a-4373-bffa76fc9b67', '00000000-0000-0000-2026-000000000007', '4375972', 'Ludvig Aberg', 275),
  ('55b309d8-1314-6993-8895-f879c382baaf', '4da3fe68-4318-9e5a-4373-bffa76fc9b67', '00000000-0000-0000-2026-000000000008', '2230', 'Tony Finau', 15),
  ('044b6245-ca92-b972-d908-ee808bbcd362', '4da3fe68-4318-9e5a-4373-bffa76fc9b67', '00000000-0000-0000-2026-000000000009', '9037', 'Matt Fitzpatrick', 65),
  ('0a7ae7b3-0e19-9203-da38-2fe73d3f87a5', '4da3fe68-4318-9e5a-4373-bffa76fc9b67', '00000000-0000-0000-2026-000000000010', '7081', 'Si Woo Kim', 350),
  ('fdea5213-9973-2369-6ff6-538e54bae228', '4da3fe68-4318-9e5a-4373-bffa76fc9b67', '00000000-0000-0000-2026-000000000011', '4425906', 'Cam Young', 700),
  ('a77fb8ec-17db-147c-1fc3-c94eaf7c50b5', '4da3fe68-4318-9e5a-4373-bffa76fc9b67', '00000000-0000-0000-2026-000000000012', NULL, 'Xander', 8),
  ('70e8e36d-2499-46d1-0a81-acc7f790b996', '4da3fe68-4318-9e5a-4373-bffa76fc9b67', '00000000-0000-0000-2026-000000000013', '9780', 'Jon Rahm', 500),
  ('f9198c52-f395-05d9-a2db-540d0bfb5535', '4da3fe68-4318-9e5a-4373-bffa76fc9b67', '00000000-0000-0000-2026-000000000014', '4404992', 'Ben Griffin', 0),
  ('96317704-6dd3-e31e-6e5a-200b4991219c', '09bf7a54-a1cd-ae56-6d0f-0d876cbd29bc', '00000000-0000-0000-2026-000000000001', '4404992', 'Ben griffin', 36),
  ('e6ae20e9-b338-96ca-5488-870ed9b9c23e', '09bf7a54-a1cd-ae56-6d0f-0d876cbd29bc', '00000000-0000-0000-2026-000000000002', '1680', 'Jason day', 16),
  ('dfce6050-5c29-b82d-4e4a-e0cc698a6f8e', '09bf7a54-a1cd-ae56-6d0f-0d876cbd29bc', '00000000-0000-0000-2026-000000000003', '7081', 'Si woo Kim', 125),
  ('0db96021-1472-22a4-1d87-4793e7205e18', '09bf7a54-a1cd-ae56-6d0f-0d876cbd29bc', '00000000-0000-0000-2026-000000000004', '9843', 'Jake Knapp', 148),
  ('986fd77e-f24c-a2b5-6740-35a5f669ba4f', '09bf7a54-a1cd-ae56-6d0f-0d876cbd29bc', '00000000-0000-0000-2026-000000000005', NULL, 'Big tone', 32),
  ('ffda589d-d12f-802a-f227-5c8056083b79', '09bf7a54-a1cd-ae56-6d0f-0d876cbd29bc', '00000000-0000-0000-2026-000000000006', NULL, 'Rory', 0),
  ('04c2631f-7214-f759-ab0b-de2c7da0d4f6', '09bf7a54-a1cd-ae56-6d0f-0d876cbd29bc', '00000000-0000-0000-2026-000000000007', NULL, 'Xander', 350),
  ('30f256d2-52cd-862d-2d88-77067ea5ae59', '09bf7a54-a1cd-ae56-6d0f-0d876cbd29bc', '00000000-0000-0000-2026-000000000008', NULL, 'Gotterup', 89),
  ('5af6d542-8a37-d237-bd33-475c775d9676', '09bf7a54-a1cd-ae56-6d0f-0d876cbd29bc', '00000000-0000-0000-2026-000000000009', NULL, 'Rahmbo', 23),
  ('02dd403c-b8c5-f22b-aaba-275fa2968707', '09bf7a54-a1cd-ae56-6d0f-0d876cbd29bc', '00000000-0000-0000-2026-000000000010', '4425906', 'Cam young', 35),
  ('cb31cf74-8243-dc14-dba6-dc84f4bb8ca9', '09bf7a54-a1cd-ae56-6d0f-0d876cbd29bc', '00000000-0000-0000-2026-000000000011', '9938', 'Sam burns', 18),
  ('684336a0-b035-f73d-a965-2c40f0644a14', '09bf7a54-a1cd-ae56-6d0f-0d876cbd29bc', '00000000-0000-0000-2026-000000000012', NULL, 'Hovland', 27),
  ('f556ef87-82d7-2224-8b0c-5b1343b584ae', '09bf7a54-a1cd-ae56-6d0f-0d876cbd29bc', '00000000-0000-0000-2026-000000000013', NULL, 'Aberg', 300),
  ('f8153590-4356-3e69-5b0f-fc42f7b1e154', '09bf7a54-a1cd-ae56-6d0f-0d876cbd29bc', '00000000-0000-0000-2026-000000000014', NULL, '', 0),
  ('c8049b54-0f66-4d94-4592-e24617c450a8', '152b69fc-e255-d6ec-518f-e5a5fd17098f', '00000000-0000-0000-2026-000000000001', '7081', 'Si Woo Kim', 95),
  ('ae4cd58a-14d0-8401-bb7c-cadabc648230', '152b69fc-e255-d6ec-518f-e5a5fd17098f', '00000000-0000-0000-2026-000000000002', '4425906', 'Cameron Young', 37),
  ('ac030393-b224-e756-1ba5-64e714036a59', '152b69fc-e255-d6ec-518f-e5a5fd17098f', '00000000-0000-0000-2026-000000000003', NULL, '', 0),
  ('884e6195-25cd-5c92-122b-a0365766d8d7', '152b69fc-e255-d6ec-518f-e5a5fd17098f', '00000000-0000-0000-2026-000000000004', '10140', 'Xander Schauffele', 52),
  ('c30bd58c-5e31-56ca-29dd-613918775587', '152b69fc-e255-d6ec-518f-e5a5fd17098f', '00000000-0000-0000-2026-000000000005', '5539', 'Tommy Fleetwood', 176),
  ('86c87292-4163-73d5-7a72-823e8d6c4470', '152b69fc-e255-d6ec-518f-e5a5fd17098f', '00000000-0000-0000-2026-000000000006', '10592', 'Collin Morikawa', 300),
  ('a0b51b2d-b84c-42d2-5223-990f5dc0b693', '152b69fc-e255-d6ec-518f-e5a5fd17098f', '00000000-0000-0000-2026-000000000007', '4410932', 'Min Woo Lee', 26),
  ('4a1a32ac-0ff3-5362-af52-8251f1cebd48', '152b69fc-e255-d6ec-518f-e5a5fd17098f', '00000000-0000-0000-2026-000000000008', NULL, 'Theegala', 73),
  ('8bd6dee9-37b3-1908-5070-47bc6d907b26', '152b69fc-e255-d6ec-518f-e5a5fd17098f', '00000000-0000-0000-2026-000000000009', '3470', 'Rory McIlroy', 750),
  ('8d9bc6b4-3603-1d2f-7028-0bbad9db4f29', '152b69fc-e255-d6ec-518f-e5a5fd17098f', '00000000-0000-0000-2026-000000000010', '9843', 'Jake Knapp', 5),
  ('5df659dc-c058-a2a6-e862-0dceea052c57', '152b69fc-e255-d6ec-518f-e5a5fd17098f', '00000000-0000-0000-2026-000000000011', NULL, '', 0),
  ('5c51697b-acd1-b17d-1326-15ecfc32ac71', '152b69fc-e255-d6ec-518f-e5a5fd17098f', '00000000-0000-0000-2026-000000000012', '4848', 'Justin Thomas', 110),
  ('09c67d9a-9870-1dce-c3ad-d6784c0fb1b6', '152b69fc-e255-d6ec-518f-e5a5fd17098f', '00000000-0000-0000-2026-000000000013', '9478', 'Scottie Scheffler', 90),
  ('d4e70c2b-768b-be3d-7d49-b39ac07f1433', '152b69fc-e255-d6ec-518f-e5a5fd17098f', '00000000-0000-0000-2026-000000000014', '5409', 'Russel Henley', 44),
  ('b234b014-543d-7fe5-f194-0c9c31fcb59f', 'e29355b9-5b62-0cd9-255a-84f58c371cdb', '00000000-0000-0000-2026-000000000001', '4404992', 'Ben Griffin', 36),
  ('b3d66f2c-5e6c-3b51-8e87-4f888f31200b', 'e29355b9-5b62-0cd9-255a-84f58c371cdb', '00000000-0000-0000-2026-000000000002', '10140', 'Xander Schauffele', 0),
  ('1fc45990-4cb4-a75f-09b8-7a7d21c72603', 'e29355b9-5b62-0cd9-255a-84f58c371cdb', '00000000-0000-0000-2026-000000000003', '4425906', 'Cameron Young', 12),
  ('634c7dc5-ec23-a49e-7dc3-5e43a69682b6', 'e29355b9-5b62-0cd9-255a-84f58c371cdb', '00000000-0000-0000-2026-000000000004', '4364873', 'Viktor Hovland', 9),
  ('f5e7b1f7-fb28-b3b0-77bb-cf2ca07f1808', 'e29355b9-5b62-0cd9-255a-84f58c371cdb', '00000000-0000-0000-2026-000000000005', '9478', 'Scottie Scheffler', 105),
  ('a652fadf-e171-815e-60e6-8f779bdf650c', 'e29355b9-5b62-0cd9-255a-84f58c371cdb', '00000000-0000-0000-2026-000000000006', '5539', 'Tommy Fleetwood', 14),
  ('8d155295-1c5f-074f-1aa4-d4bb8e15a5f1', 'e29355b9-5b62-0cd9-255a-84f58c371cdb', '00000000-0000-0000-2026-000000000007', NULL, 'Rory Mcllroy', 16),
  ('4a036d07-f534-1660-ed42-371e0b336a48', 'e29355b9-5b62-0cd9-255a-84f58c371cdb', '00000000-0000-0000-2026-000000000008', '4410932', 'Min Woo Lee', 163),
  ('b75254d4-7cf3-8fe1-a791-2a1d774792f5', 'e29355b9-5b62-0cd9-255a-84f58c371cdb', '00000000-0000-0000-2026-000000000009', '9037', 'Matt Fitzpatrick', 65),
  ('375f3732-be5c-9c5c-d09e-1ccf3af80e46', 'e29355b9-5b62-0cd9-255a-84f58c371cdb', '00000000-0000-0000-2026-000000000010', '5409', 'Russell Henley', 35),
  ('d0ec65bc-a140-fc64-b202-814e9c35aa2b', 'e29355b9-5b62-0cd9-255a-84f58c371cdb', '00000000-0000-0000-2026-000000000011', NULL, 'Matsuyama', 11),
  ('1ddf22a2-7c02-b952-c553-1a3761331ea9', 'e29355b9-5b62-0cd9-255a-84f58c371cdb', '00000000-0000-0000-2026-000000000012', NULL, '', 0),
  ('facc4231-02bc-1856-93eb-e40d279db350', 'e29355b9-5b62-0cd9-255a-84f58c371cdb', '00000000-0000-0000-2026-000000000013', NULL, '', 0),
  ('14f546d7-f4b4-510f-a54a-61ee08b83ad0', 'e29355b9-5b62-0cd9-255a-84f58c371cdb', '00000000-0000-0000-2026-000000000014', NULL, '', 0),
  ('4bca277c-ba16-a946-2e3b-c4f6dd15d902', '6b7b41ad-271b-e4f5-ab12-e5a743cbd7c9', '00000000-0000-0000-2026-000000000001', '9037', 'Matt Fitzpatrick', 4),
  ('efb6b2ab-6de2-c3f9-9ece-deef14b1a5df', '6b7b41ad-271b-e4f5-ab12-e5a743cbd7c9', '00000000-0000-0000-2026-000000000002', '8973', 'Max Homa', 0),
  ('5788989c-c192-e01e-13c4-caab238628d5', '6b7b41ad-271b-e4f5-ab12-e5a743cbd7c9', '00000000-0000-0000-2026-000000000003', '4425906', 'Cameron Young', 12),
  ('0203418b-ad97-4cb8-b675-42c2b586888b', '6b7b41ad-271b-e4f5-ab12-e5a743cbd7c9', '00000000-0000-0000-2026-000000000004', '7081', 'Si Woo Kim', 16),
  ('6bb4db76-aaee-4852-ba7a-580d83502547', '6b7b41ad-271b-e4f5-ab12-e5a743cbd7c9', '00000000-0000-0000-2026-000000000005', '4410932', 'Min Woo Lee', 105),
  ('904ab61f-9610-35e9-1687-4dcf39311fbe', '6b7b41ad-271b-e4f5-ab12-e5a743cbd7c9', '00000000-0000-0000-2026-000000000006', NULL, '', 0),
  ('35ace852-443a-4442-cb35-4b3fcc9e3bd4', '6b7b41ad-271b-e4f5-ab12-e5a743cbd7c9', '00000000-0000-0000-2026-000000000007', '10166', 'J.J. Spaun', 47),
  ('53ef31a3-f485-19bf-2099-81f1ba379886', '6b7b41ad-271b-e4f5-ab12-e5a743cbd7c9', '00000000-0000-0000-2026-000000000008', NULL, '', 0),
  ('13ffec71-8b1b-6e24-d6c8-f88fced1fd74', '6b7b41ad-271b-e4f5-ab12-e5a743cbd7c9', '00000000-0000-0000-2026-000000000009', NULL, '', 0),
  ('383d29cf-9aad-4451-6958-9bd81a90c7e1', '6b7b41ad-271b-e4f5-ab12-e5a743cbd7c9', '00000000-0000-0000-2026-000000000010', NULL, '', 0),
  ('123744f9-9850-16bb-2cf1-5cf069b83fce', '6b7b41ad-271b-e4f5-ab12-e5a743cbd7c9', '00000000-0000-0000-2026-000000000011', NULL, '', 0),
  ('b30275c8-5ed4-fe5d-53a6-d67d57c33d63', '6b7b41ad-271b-e4f5-ab12-e5a743cbd7c9', '00000000-0000-0000-2026-000000000012', NULL, '', 0),
  ('9d91a369-7100-5284-dadc-85e249299a04', '6b7b41ad-271b-e4f5-ab12-e5a743cbd7c9', '00000000-0000-0000-2026-000000000013', NULL, '', 0),
  ('bc658b13-eeee-75f3-9b8f-7ce93a0e1304', '6b7b41ad-271b-e4f5-ab12-e5a743cbd7c9', '00000000-0000-0000-2026-000000000014', NULL, '', 0),
  ('452d2ef0-ef96-5a68-9685-2f38fd97ae20', '0adca672-589b-d226-777d-9fb5db50f6ca', '00000000-0000-0000-2026-000000000001', '9938', 'Sam Burns', 25),
  ('38152226-f670-4275-78db-48f44e7f6e25', '0adca672-589b-d226-777d-9fb5db50f6ca', '00000000-0000-0000-2026-000000000002', '10140', 'Xander Schauffele', 0),
  ('9d4d7833-e08a-a62b-7bd0-a259e62dc922', '0adca672-589b-d226-777d-9fb5db50f6ca', '00000000-0000-0000-2026-000000000003', '5860', 'Hideki Matsuyama', 300),
  ('12b0bd25-634d-42e7-7b6c-cfb7a160b5a9', '0adca672-589b-d226-777d-9fb5db50f6ca', '00000000-0000-0000-2026-000000000004', '3470', 'Rory McIlroy', 85),
  ('f11d3399-afa4-ad81-47a8-e9fd444d0836', '0adca672-589b-d226-777d-9fb5db50f6ca', '00000000-0000-0000-2026-000000000005', '6007', 'Patrick Cantlay', 22),
  ('afaa0381-60a1-5d54-987b-35f6cac9ef8a', '0adca672-589b-d226-777d-9fb5db50f6ca', '00000000-0000-0000-2026-000000000006', '9037', 'Matt Fitzpatrick', 19),
  ('fa42e11f-0427-4d73-8c77-3235cb9f2a8d', '0adca672-589b-d226-777d-9fb5db50f6ca', '00000000-0000-0000-2026-000000000007', '7081', 'Si Woo Kim', 13),
  ('71ba745d-bad3-d16a-42de-49890d19a010', '0adca672-589b-d226-777d-9fb5db50f6ca', '00000000-0000-0000-2026-000000000008', '4690755', 'Chris Gotterup', 89),
  ('16e5378f-ee1f-e3b7-0fc6-5f8011065ef8', '0adca672-589b-d226-777d-9fb5db50f6ca', '00000000-0000-0000-2026-000000000009', '9780', 'Jon Rahm', 23),
  ('c6fd6cf2-0160-7758-e8fa-aa35bc671edd', '0adca672-589b-d226-777d-9fb5db50f6ca', '00000000-0000-0000-2026-000000000010', '5409', 'Russell Henley', 35),
  ('6ed73fa7-8c6d-3475-7103-32decd6bb1fd', '0adca672-589b-d226-777d-9fb5db50f6ca', '00000000-0000-0000-2026-000000000011', '569', 'Justin Rose', 6),
  ('805ed077-40b4-a42e-8574-4876f476ea26', '0adca672-589b-d226-777d-9fb5db50f6ca', '00000000-0000-0000-2026-000000000012', '4425906', 'Cam Young', 133),
  ('35a84fc9-9282-60a3-bd4d-4d0c04f808c1', '0adca672-589b-d226-777d-9fb5db50f6ca', '00000000-0000-0000-2026-000000000013', '10046', 'Bryson DeChambeau', 0),
  ('8e6f94d0-9de1-3ac7-7c10-7e6c99ae7ad3', '0adca672-589b-d226-777d-9fb5db50f6ca', '00000000-0000-0000-2026-000000000014', '4404992', 'Ben Griffin', 0),
  ('de46731c-622c-404c-efff-e20341e6e8b3', '540b3f0a-beae-6690-ebf0-c6db58bc5596', '00000000-0000-0000-2026-000000000001', '4404992', 'Ben Griffin', 36),
  ('7e152299-f982-b857-f96c-5901b37b15f1', '540b3f0a-beae-6690-ebf0-c6db58bc5596', '00000000-0000-0000-2026-000000000002', '5408', 'Harris English', 37),
  ('5d4c055d-bcb3-3f35-598e-e295d87b1fe9', '540b3f0a-beae-6690-ebf0-c6db58bc5596', '00000000-0000-0000-2026-000000000003', '4364873', 'Viktor Hovland', 70),
  ('834bb27c-e18e-9187-8d6c-7414e70cfb72', '540b3f0a-beae-6690-ebf0-c6db58bc5596', '00000000-0000-0000-2026-000000000004', '7081', 'SW Kim', 16),
  ('472e7b2a-dc43-0abc-b168-fd78cd710892', '540b3f0a-beae-6690-ebf0-c6db58bc5596', '00000000-0000-0000-2026-000000000005', '6007', 'Patrick Cantlay', 22),
  ('75464c4d-f476-64ec-1296-fc9f723a4a33', '540b3f0a-beae-6690-ebf0-c6db58bc5596', '00000000-0000-0000-2026-000000000006', '9478', 'Scottie Scheffler', 36),
  ('f938fa3a-9783-2b60-7794-15b4eb999f62', '540b3f0a-beae-6690-ebf0-c6db58bc5596', '00000000-0000-0000-2026-000000000007', '3470', 'Rory Mcilroy', 16),
  ('336ad9a1-5f07-3b46-6aa1-3f9fb472fc35', '540b3f0a-beae-6690-ebf0-c6db58bc5596', '00000000-0000-0000-2026-000000000008', '4425904', 'Michael Thorbjornsen', 53),
  ('f7bd5081-5450-9e66-3d54-4a9537e41d8a', '540b3f0a-beae-6690-ebf0-c6db58bc5596', '00000000-0000-0000-2026-000000000009', NULL, 'Fitzpatrick', 65),
  ('b96c22cc-7324-91ab-a47e-a5a6844bbaef', '540b3f0a-beae-6690-ebf0-c6db58bc5596', '00000000-0000-0000-2026-000000000010', NULL, 'Fleetwood', 12),
  ('3ad2a6f4-777a-98b9-7d54-0a5ac381927e', '540b3f0a-beae-6690-ebf0-c6db58bc5596', '00000000-0000-0000-2026-000000000011', NULL, 'Morikawa', 8),
  ('524e562a-9122-7119-f2ae-5250f86332b7', '540b3f0a-beae-6690-ebf0-c6db58bc5596', '00000000-0000-0000-2026-000000000012', NULL, 'Xander S', 8),
  ('b860676b-0f4c-1cfb-29c7-30f2be19c765', '540b3f0a-beae-6690-ebf0-c6db58bc5596', '00000000-0000-0000-2026-000000000013', NULL, 'Rahm', 500),
  ('f670bc8c-a4bd-c7f4-68b2-15836ee900e5', '540b3f0a-beae-6690-ebf0-c6db58bc5596', '00000000-0000-0000-2026-000000000014', NULL, 'Bhatia', 0),
  ('ceec051c-50b5-6ced-eccd-3a5041c74278', '7a3eb875-cb84-59a3-6fd6-d138a9b9f79f', '00000000-0000-0000-2026-000000000001', '9938', 'Sam Burns', 25),
  ('b7377295-930c-b6c1-041f-b14ff4f728e3', '7a3eb875-cb84-59a3-6fd6-d138a9b9f79f', '00000000-0000-0000-2026-000000000002', '10980', 'Sahith theegala', 85),
  ('72e07436-598b-b448-9c03-735252028f49', '7a3eb875-cb84-59a3-6fd6-d138a9b9f79f', '00000000-0000-0000-2026-000000000003', NULL, 'Jordan speith', 0),
  ('7f7c094b-77da-393b-0f02-23764304f854', '7a3eb875-cb84-59a3-6fd6-d138a9b9f79f', '00000000-0000-0000-2026-000000000004', '569', 'Justin Rose', 20),
  ('7bb573c7-d40b-a238-e611-d73e4641064b', '7a3eb875-cb84-59a3-6fd6-d138a9b9f79f', '00000000-0000-0000-2026-000000000005', '5860', 'Hideki Matsuyama', 32),
  ('b52ba539-27d8-1532-fd6f-37e0fbc2c011', '7a3eb875-cb84-59a3-6fd6-d138a9b9f79f', '00000000-0000-0000-2026-000000000006', '10592', 'Collin Morikawa', 300),
  ('095126b7-1b40-75cb-710f-e74b79a332c2', '7a3eb875-cb84-59a3-6fd6-d138a9b9f79f', '00000000-0000-0000-2026-000000000007', '4375972', 'Ludvig Åberg', 275),
  ('72b46aad-20cf-326c-398e-b727e684ee38', '7a3eb875-cb84-59a3-6fd6-d138a9b9f79f', '00000000-0000-0000-2026-000000000008', '4410932', 'Min woo lee', 163),
  ('c85c09c1-03ea-5961-3dcd-6bbb8c6195b4', '7a3eb875-cb84-59a3-6fd6-d138a9b9f79f', '00000000-0000-0000-2026-000000000009', '10046', 'Bryson Dechambeau', 0),
  ('06fc6108-4686-f0f3-de54-87e66be2db68', '7a3eb875-cb84-59a3-6fd6-d138a9b9f79f', '00000000-0000-0000-2026-000000000010', NULL, 'Xander', 105),
  ('13df5b95-4619-2eb2-1372-d350e90b0c9c', '7a3eb875-cb84-59a3-6fd6-d138a9b9f79f', '00000000-0000-0000-2026-000000000011', '4425906', 'Cameron young', 700),
  ('6ef54e03-3cb6-5c25-880e-fd7942db019f', '7a3eb875-cb84-59a3-6fd6-d138a9b9f79f', '00000000-0000-0000-2026-000000000012', '8961', 'Sepp Straka', 7),
  ('59b4d11a-5ee4-c4f2-2e8f-6b6ab684f152', '7a3eb875-cb84-59a3-6fd6-d138a9b9f79f', '00000000-0000-0000-2026-000000000013', NULL, '', 0),
  ('b4a4a5a1-72f9-568c-f800-e2c96ab7b543', '7a3eb875-cb84-59a3-6fd6-d138a9b9f79f', '00000000-0000-0000-2026-000000000014', '9478', 'Scottie Scheffler', 100),
  ('36a823bb-fb50-33a4-7ce1-a8c876103eec', '0ad501ad-7fd5-3579-2cda-2b2bfc0f9219', '00000000-0000-0000-2026-000000000001', '4589438', 'Harry Hall', 36),
  ('337a622a-6728-73e5-7465-7bcbf0322c06', '0ad501ad-7fd5-3579-2cda-2b2bfc0f9219', '00000000-0000-0000-2026-000000000002', '10140', 'Xander Schauffele', 0),
  ('056d6de0-9f03-d7d3-172e-ed646335541e', '0ad501ad-7fd5-3579-2cda-2b2bfc0f9219', '00000000-0000-0000-2026-000000000003', '4425906', 'Cameron Young', 12),
  ('70a2dce1-1f93-ebbb-7067-80b9e7f1d20a', '0ad501ad-7fd5-3579-2cda-2b2bfc0f9219', '00000000-0000-0000-2026-000000000004', '4690755', 'Chris Gotterup', 20),
  ('80b452f5-72e8-00d3-641f-95be386c355d', '0ad501ad-7fd5-3579-2cda-2b2bfc0f9219', '00000000-0000-0000-2026-000000000005', '5539', 'Tommy Fleetwood', 176),
  ('f9fc39c4-5450-9137-ec0a-94b707b1865e', '0ad501ad-7fd5-3579-2cda-2b2bfc0f9219', '00000000-0000-0000-2026-000000000006', '4587', 'Shane Lowry', 0),
  ('93fe8732-1000-35c3-983d-5ae36bea9bfe', '0ad501ad-7fd5-3579-2cda-2b2bfc0f9219', '00000000-0000-0000-2026-000000000007', '4513', 'Keegan Bradley', 13),
  ('15797d74-7bec-76b8-7daf-7775a5060628', '0ad501ad-7fd5-3579-2cda-2b2bfc0f9219', '00000000-0000-0000-2026-000000000008', '4410932', 'Min Yoo Lee', 163),
  ('39d13b2a-e118-503d-9617-0ab08595a2fe', '0ad501ad-7fd5-3579-2cda-2b2bfc0f9219', '00000000-0000-0000-2026-000000000009', '9037', 'Matt Fitzpatrick', 65),
  ('15abbdce-5893-abaa-9e7b-7db9a7c1545f', '0ad501ad-7fd5-3579-2cda-2b2bfc0f9219', '00000000-0000-0000-2026-000000000010', '9938', 'Sam Burns', 58),
  ('ac3d51cf-1c60-1e3d-66d2-9b7fcb66d3fe', '0ad501ad-7fd5-3579-2cda-2b2bfc0f9219', '00000000-0000-0000-2026-000000000011', NULL, 'Min Woo Lee', 56),
  ('c1ab34fc-6ca7-51aa-9e3f-151b7a71eead', '0ad501ad-7fd5-3579-2cda-2b2bfc0f9219', '00000000-0000-0000-2026-000000000012', '4375972', 'Ludvig Aberg', 188),
  ('c0c5ffb7-ce4f-e8b6-c8cc-969e5239924f', '0ad501ad-7fd5-3579-2cda-2b2bfc0f9219', '00000000-0000-0000-2026-000000000013', '9478', 'Scottie Scheffler', 90),
  ('1f41d922-a869-db4a-a806-17a912400f76', '0ad501ad-7fd5-3579-2cda-2b2bfc0f9219', '00000000-0000-0000-2026-000000000014', NULL, 'Patrick Cantley', 68),
  ('57c1b1ac-e163-adce-934d-2b987cb8896a', '7c5db95e-c002-f0db-3ced-dbe9ccc918b2', '00000000-0000-0000-2026-000000000001', '9658', 'Taylor Pendrith', NULL),
  ('d205962c-69ba-d1e8-9a76-a1feabc42b74', '7c5db95e-c002-f0db-3ced-dbe9ccc918b2', '00000000-0000-0000-2026-000000000002', '1680', 'Jason Day', 16),
  ('ae70bf2c-2a23-fc03-eafc-bac6b42c3a0d', '7c5db95e-c002-f0db-3ced-dbe9ccc918b2', '00000000-0000-0000-2026-000000000003', NULL, 'Corey Connors', 0),
  ('950f3b4c-c2ad-0cf3-6a72-a00e8870b0e3', '7c5db95e-c002-f0db-3ced-dbe9ccc918b2', '00000000-0000-0000-2026-000000000004', '10592', 'Collin Morikawa', 700),
  ('a14c85e2-7e5c-04c8-fd30-151a959a75ef', '7c5db95e-c002-f0db-3ced-dbe9ccc918b2', '00000000-0000-0000-2026-000000000005', '4375972', 'Ludvig Aberg', 53),
  ('ade36828-ed2c-c3c8-b6b7-e547d428cd04', '7c5db95e-c002-f0db-3ced-dbe9ccc918b2', '00000000-0000-0000-2026-000000000006', '6007', 'Patrick Cantlay', 0),
  ('21732572-5445-c53c-f46e-0daadc1b5b0f', '7c5db95e-c002-f0db-3ced-dbe9ccc918b2', '00000000-0000-0000-2026-000000000007', '5539', 'Tommy Fleetwood', 200),
  ('ee6376f3-f7c4-2b7c-bd10-3e36de6d9604', '7c5db95e-c002-f0db-3ced-dbe9ccc918b2', '00000000-0000-0000-2026-000000000008', '388', 'Adam Scott', 37),
  ('5a34e777-7c4e-1e42-94c6-eaaf6179ebd9', '7c5db95e-c002-f0db-3ced-dbe9ccc918b2', '00000000-0000-0000-2026-000000000009', '4425906', 'Cameron Young', 313),
  ('0f04704c-cde6-d6c6-5588-0b5155a6fc6c', '7c5db95e-c002-f0db-3ced-dbe9ccc918b2', '00000000-0000-0000-2026-000000000010', '5409', 'Russell Henley', 35),
  ('e9ace7b6-bbec-cfa6-669f-b5c102378b0e', '7c5db95e-c002-f0db-3ced-dbe9ccc918b2', '00000000-0000-0000-2026-000000000011', '9938', 'Sam Burns', 18),
  ('1379b67c-c917-e20a-dc84-1aec305959fa', '7c5db95e-c002-f0db-3ced-dbe9ccc918b2', '00000000-0000-0000-2026-000000000012', '9037', 'Matt Fitzpatrick', 10),
  ('163f8b27-1888-af8f-4c5d-e8c36b17be77', '7c5db95e-c002-f0db-3ced-dbe9ccc918b2', '00000000-0000-0000-2026-000000000013', '9478', 'Scottie Scheffler', 90),
  ('b27d9b9f-0d9b-002b-8f54-3e4b3325528e', '7c5db95e-c002-f0db-3ced-dbe9ccc918b2', '00000000-0000-0000-2026-000000000014', NULL, 'Robert McIntyre', 0),
  ('be4354fe-3a21-e7b3-19e8-363363619301', '7d3ea0a2-f159-5e63-dbc3-a20a62636560', '00000000-0000-0000-2026-000000000002', '1680', 'Jason Day', 16),
  ('a58edc66-a79a-8455-52aa-1900681a1991', '7d3ea0a2-f159-5e63-dbc3-a20a62636560', '00000000-0000-0000-2026-000000000003', '4404992', 'Ben Griffin', 27),
  ('5cde3e9e-9ceb-7d7d-36a8-2f90a49991e7', '7d3ea0a2-f159-5e63-dbc3-a20a62636560', '00000000-0000-0000-2026-000000000004', '3470', 'Rory McIlroy', 85),
  ('8b24b8f0-9864-5047-ceb7-831ddb80ed08', '7d3ea0a2-f159-5e63-dbc3-a20a62636560', '00000000-0000-0000-2026-000000000005', '4419142', 'Akshay Bhatia', 69),
  ('6daad7d5-b21f-5520-b25c-057bf397fbe7', '7d3ea0a2-f159-5e63-dbc3-a20a62636560', '00000000-0000-0000-2026-000000000006', '569', 'Justin Rose', 0),
  ('692a8b05-67f8-ee8e-9faf-c8a07fca1974', '7d3ea0a2-f159-5e63-dbc3-a20a62636560', '00000000-0000-0000-2026-000000000007', '10980', 'Sahith Theegala', 26),
  ('41dcc32c-761f-a658-6617-072b40ec15d3', '7d3ea0a2-f159-5e63-dbc3-a20a62636560', '00000000-0000-0000-2026-000000000008', '388', 'Adam Scott', 37),
  ('4cfadb76-587f-1b8a-833e-332f43efe6e7', '7d3ea0a2-f159-5e63-dbc3-a20a62636560', '00000000-0000-0000-2026-000000000009', NULL, 'Xander Shauflee', 188),
  ('05b55bc3-4335-0a50-72fc-db3c9f3717b7', '7d3ea0a2-f159-5e63-dbc3-a20a62636560', '00000000-0000-0000-2026-000000000010', '5539', 'Tommy Fleetwood', 12),
  ('6afdaa2a-5149-ebc2-9e59-d34144e8c40d', '7d3ea0a2-f159-5e63-dbc3-a20a62636560', '00000000-0000-0000-2026-000000000011', '9478', 'Scottie Scheffler', 400),
  ('ec41eed8-7849-e497-5424-8b9c21a6144d', '7d3ea0a2-f159-5e63-dbc3-a20a62636560', '00000000-0000-0000-2026-000000000012', '9037', 'Matt Fitzpatrick', 10),
  ('bc5dd4cd-77ce-2088-482f-cb7fb25e67b6', '7d3ea0a2-f159-5e63-dbc3-a20a62636560', '00000000-0000-0000-2026-000000000013', '4425906', 'Cam Young', 37),
  ('43a8210e-112a-eeff-5b52-bccfe5fcba62', '7d3ea0a2-f159-5e63-dbc3-a20a62636560', '00000000-0000-0000-2026-000000000014', '4375972', 'Ludvig Aberg', 21),
  ('cb1b54ed-fd1f-590d-3d09-878db01c83eb', 'acebcafe-dfab-ad96-61eb-bc89ead27b8b', '00000000-0000-0000-2026-000000000001', '9938', 'Sam Burns', 25),
  ('902f6324-1428-b554-dc6e-f2852097a9a2', 'acebcafe-dfab-ad96-61eb-bc89ead27b8b', '00000000-0000-0000-2026-000000000002', '1680', 'Jason Day', 16),
  ('31fd98c6-65bf-6e66-a06d-d20992b9dcf6', 'acebcafe-dfab-ad96-61eb-bc89ead27b8b', '00000000-0000-0000-2026-000000000003', '5860', 'Hideki Matsuyama', 300),
  ('5dd08637-c99e-bc31-b7a7-0820334e5e46', 'acebcafe-dfab-ad96-61eb-bc89ead27b8b', '00000000-0000-0000-2026-000000000004', '569', 'Justin Rose', 20),
  ('f62d26a9-ee3e-129c-aa8a-34921116982c', 'acebcafe-dfab-ad96-61eb-bc89ead27b8b', '00000000-0000-0000-2026-000000000005', '10592', 'Collin Morikawa', 176),
  ('c4b65e49-04d1-4511-8706-3fafbe97eb6f', 'acebcafe-dfab-ad96-61eb-bc89ead27b8b', '00000000-0000-0000-2026-000000000006', '3470', 'Rory McIlroy', 0),
  ('2d606150-43a5-ada7-f9df-55b2f8c2e1ed', 'acebcafe-dfab-ad96-61eb-bc89ead27b8b', '00000000-0000-0000-2026-000000000007', '4848', 'Justin Thomas', 200),
  ('f8803d75-f765-1cba-1895-df3100d426e2', 'acebcafe-dfab-ad96-61eb-bc89ead27b8b', '00000000-0000-0000-2026-000000000008', '2230', 'Tony Finau', 15),
  ('e2d919c4-1d2e-3cb4-73f9-eac31619745a', 'acebcafe-dfab-ad96-61eb-bc89ead27b8b', '00000000-0000-0000-2026-000000000009', '9037', 'Matthew Fitzpatrick', 65),
  ('b2e3792d-7b0f-b04a-2a84-bc8c12fe4b49', 'acebcafe-dfab-ad96-61eb-bc89ead27b8b', '00000000-0000-0000-2026-000000000010', '5539', 'Tommy Fleetwood', 12),
  ('3d454054-3b20-65d5-724f-510d4cbcc760', 'acebcafe-dfab-ad96-61eb-bc89ead27b8b', '00000000-0000-0000-2026-000000000011', '4425906', 'Cameron Young', 700),
  ('77dc0060-01a4-a3d1-3ade-299b41699217', 'acebcafe-dfab-ad96-61eb-bc89ead27b8b', '00000000-0000-0000-2026-000000000012', '388', 'Adam Scott', 38),
  ('f5497ba6-cbaa-927b-4913-8116046b9112', 'acebcafe-dfab-ad96-61eb-bc89ead27b8b', '00000000-0000-0000-2026-000000000013', '10140', 'Xander Schauffele', 225),
  ('b3d87a9d-89fc-b1d1-8850-6c4a61cce74b', 'acebcafe-dfab-ad96-61eb-bc89ead27b8b', '00000000-0000-0000-2026-000000000014', '6007', 'Patrick Cantlay', 68),
  ('c04efab9-b7e0-d5b0-2d40-53583a41a954', '25098322-8d34-a224-b7c4-03e3cdfd4889', '00000000-0000-0000-2026-000000000001', '4589438', 'Harry Hall', 36),
  ('347a34e4-fe47-007c-314f-7aa9f92241f9', '25098322-8d34-a224-b7c4-03e3cdfd4889', '00000000-0000-0000-2026-000000000002', '4690755', 'Chris Gotterup', 46),
  ('9013db78-a889-a55d-a37c-de0b3064c3fa', '25098322-8d34-a224-b7c4-03e3cdfd4889', '00000000-0000-0000-2026-000000000003', '4364873', 'Viktor Hovland', 70),
  ('a52f528c-2b42-c96a-b1e2-c7e101d36c5e', '25098322-8d34-a224-b7c4-03e3cdfd4889', '00000000-0000-0000-2026-000000000004', '9037', 'Matt Fitzpatrick', 85),
  ('9d6b1c4d-e0bc-26af-3c6a-0999f83e360c', '25098322-8d34-a224-b7c4-03e3cdfd4889', '00000000-0000-0000-2026-000000000005', '4375972', 'Ludvig Aberg', 53),
  ('22f6d848-cf3a-ae0c-dedf-00ff0a148e17', '25098322-8d34-a224-b7c4-03e3cdfd4889', '00000000-0000-0000-2026-000000000006', '5539', 'Tommy Fleetwood', 14),
  ('bd7e657d-9b45-98f3-ac30-3da32f161010', '25098322-8d34-a224-b7c4-03e3cdfd4889', '00000000-0000-0000-2026-000000000007', '10140', 'Xander Schauffele', 350),
  ('adc32f59-9f3b-4cb1-da3f-5c07b9fbb8fb', '25098322-8d34-a224-b7c4-03e3cdfd4889', '00000000-0000-0000-2026-000000000008', '4425904', 'Michael Thorbjornsen', 53),
  ('6edaae88-6ab4-2fd0-72c2-0226d6d18eb8', '25098322-8d34-a224-b7c4-03e3cdfd4889', '00000000-0000-0000-2026-000000000009', '11378', 'Robert MacIntyre', 0),
  ('0256206d-732d-0141-fd34-f2069f46360c', '25098322-8d34-a224-b7c4-03e3cdfd4889', '00000000-0000-0000-2026-000000000010', '9478', 'Scottie Scheffler', 400),
  ('725ba5e9-394b-673f-3252-1e3d7b791a0c', '25098322-8d34-a224-b7c4-03e3cdfd4889', '00000000-0000-0000-2026-000000000011', '9938', 'Sam Burns', 18),
  ('ee4b9cfd-623e-20e6-c810-3e0395839e10', '25098322-8d34-a224-b7c4-03e3cdfd4889', '00000000-0000-0000-2026-000000000012', '3470', 'Rory McIlroy', 52),
  ('14837886-d432-ec0b-f8e5-f5a4f7b470c4', '25098322-8d34-a224-b7c4-03e3cdfd4889', '00000000-0000-0000-2026-000000000013', '4848', 'Justin Thomas', 300),
  ('b1beae1b-10e8-b2ab-b07b-ebf0a0f2d606', '25098322-8d34-a224-b7c4-03e3cdfd4889', '00000000-0000-0000-2026-000000000014', '4425906', 'Cameron Young', 15),
  ('4ee5fbc4-33c1-9432-f8e9-99a7dbeb6279', 'c9ca1efb-4836-f755-6853-f836ba6f2052', '00000000-0000-0000-2026-000000000001', '9037', 'Matt Fitzpatrick', 4),
  ('04b5ce17-5034-bfe9-f735-bf8ad63f7340', 'c9ca1efb-4836-f755-6853-f836ba6f2052', '00000000-0000-0000-2026-000000000002', NULL, 'Nicolai Hojgaard', 37),
  ('6a0dc10e-8f41-6d08-7108-4871345602c9', 'c9ca1efb-4836-f755-6853-f836ba6f2052', '00000000-0000-0000-2026-000000000003', '6798', 'Brooks Koepka', 0),
  ('fbf4f553-d866-4965-52d4-99b2fa350793', 'c9ca1efb-4836-f755-6853-f836ba6f2052', '00000000-0000-0000-2026-000000000004', '7081', 'Si Woo Kim', 16),
  ('30f44dd0-3668-c095-f019-53637ff91dfd', 'c9ca1efb-4836-f755-6853-f836ba6f2052', '00000000-0000-0000-2026-000000000005', '5860', 'Hideki Matsuyama', 32),
  ('4cca70bc-183e-d181-add4-a33b3a32361b', 'c9ca1efb-4836-f755-6853-f836ba6f2052', '00000000-0000-0000-2026-000000000006', NULL, '', 0),
  ('41d712e0-c410-7c11-e9aa-6e27493ce2cb', 'c9ca1efb-4836-f755-6853-f836ba6f2052', '00000000-0000-0000-2026-000000000007', '8961', 'Sepp Straka', 200),
  ('50c5dfff-bc0c-afdb-3aa0-6d2a7b810067', 'c9ca1efb-4836-f755-6853-f836ba6f2052', '00000000-0000-0000-2026-000000000008', '6931', 'M. Hughes', 0),
  ('1185a214-26a1-2201-7be9-d44228b4232f', 'c9ca1efb-4836-f755-6853-f836ba6f2052', '00000000-0000-0000-2026-000000000009', '10046', 'Bryson Dechambeau', 0),
  ('5e30d140-f8c7-a0f4-3347-09a0748aab49', 'c9ca1efb-4836-f755-6853-f836ba6f2052', '00000000-0000-0000-2026-000000000010', '4425906', 'Cameron Young', 35),
  ('83cefad1-bfe1-6d4f-2002-c2e8c73022c4', 'c9ca1efb-4836-f755-6853-f836ba6f2052', '00000000-0000-0000-2026-000000000011', '10592', 'Collin Morikawa', 8),
  ('3d32a008-13e2-f574-3e7c-dec96262feac', 'c9ca1efb-4836-f755-6853-f836ba6f2052', '00000000-0000-0000-2026-000000000012', '388', 'Adam Scott', 38),
  ('e6eeec56-49f0-993d-e08f-2d9e6f9dc956', 'c9ca1efb-4836-f755-6853-f836ba6f2052', '00000000-0000-0000-2026-000000000013', '5539', 'Tommy Fleetwood', 0),
  ('059a4416-eafc-38de-f347-6c7ec5f5e342', 'c9ca1efb-4836-f755-6853-f836ba6f2052', '00000000-0000-0000-2026-000000000014', NULL, 'Scottie Scheffeler', 100),
  ('7323d467-bd59-6b51-51c1-b808658e3b89', '6d51353b-0355-a149-40ac-4af712a7632b', '00000000-0000-0000-2026-000000000001', '5409', 'Russell Henley', 75),
  ('c021e051-62c3-21f4-43c5-8ef82771fa40', '6d51353b-0355-a149-40ac-4af712a7632b', '00000000-0000-0000-2026-000000000002', '5860', 'Hideki Matsuyama', 59),
  ('abe2e129-6324-3ae5-f530-48c8706a709c', '6d51353b-0355-a149-40ac-4af712a7632b', '00000000-0000-0000-2026-000000000003', '9530', 'Maverik McNealy', 57),
  ('e47a3d78-d54f-e073-d5ca-293fb8a38183', '6d51353b-0355-a149-40ac-4af712a7632b', '00000000-0000-0000-2026-000000000004', '4364873', 'Viktor Hovland', 9),
  ('2778b99a-136c-0eba-feeb-ff985d00d695', '6d51353b-0355-a149-40ac-4af712a7632b', '00000000-0000-0000-2026-000000000005', '9938', 'Sam Burns', 0),
  ('a324d62c-e0de-e694-eca1-2e1318427c35', '6d51353b-0355-a149-40ac-4af712a7632b', '00000000-0000-0000-2026-000000000006', NULL, 'Rory mciroy', 0),
  ('d3fbd60f-859f-314c-571d-1314dd6aa731', '6d51353b-0355-a149-40ac-4af712a7632b', '00000000-0000-0000-2026-000000000007', '10140', 'Xander Schauffele', 350),
  ('7163c217-ed1b-bd48-c738-8e99c338f5af', '6d51353b-0355-a149-40ac-4af712a7632b', '00000000-0000-0000-2026-000000000008', '2230', 'Tony Finau', 15),
  ('a69ae12b-dacf-4e46-7927-90c8635a8b2c', '6d51353b-0355-a149-40ac-4af712a7632b', '00000000-0000-0000-2026-000000000009', '9478', 'Scottie Scheffler', 500),
  ('45274709-003b-6b88-54a3-53ceedff2b66', '6d51353b-0355-a149-40ac-4af712a7632b', '00000000-0000-0000-2026-000000000010', '6007', 'Patrick Cantlay', 164),
  ('507da276-8880-58ad-ec68-ffeda4ef935e', '6d51353b-0355-a149-40ac-4af712a7632b', '00000000-0000-0000-2026-000000000011', '3550', 'Gary Woodland', 18),
  ('f8531bd5-30cf-5bc5-f5a6-808507142ed4', '6d51353b-0355-a149-40ac-4af712a7632b', '00000000-0000-0000-2026-000000000012', '4404992', 'Ben Griffin', 7),
  ('ff1ba58c-4306-e0d1-0335-67810bf26384', '6d51353b-0355-a149-40ac-4af712a7632b', '00000000-0000-0000-2026-000000000013', '4425906', 'Cameron Young', 37),
  ('0bd0e71c-c4cc-fbd1-20dd-7a9ceb580bfb', '6d51353b-0355-a149-40ac-4af712a7632b', '00000000-0000-0000-2026-000000000014', '4690755', 'Chris Gotterup', 37),
  ('11d7f4c4-5ade-a121-a68c-a43f120f36f1', '48d39ce8-e861-3276-5582-0de98938d8bb', '00000000-0000-0000-2026-000000000001', '7081', 'Si Woo Kim', 95),
  ('d828b0eb-c2d2-109f-6a7d-68905f0de683', '48d39ce8-e861-3276-5582-0de98938d8bb', '00000000-0000-0000-2026-000000000002', NULL, 'Will Zalatoris', 0),
  ('7f42ebda-e8f3-2632-ec06-05f2779daa06', '48d39ce8-e861-3276-5582-0de98938d8bb', '00000000-0000-0000-2026-000000000003', '4837368', 'Pierceson Coody', 70),
  ('a6075cfc-53d0-374e-1d03-f110f267e652', '48d39ce8-e861-3276-5582-0de98938d8bb', '00000000-0000-0000-2026-000000000004', '9530', 'Maverick McNealy', 31),
  ('c88c6809-248c-892a-e60d-f92fb52f122b', '48d39ce8-e861-3276-5582-0de98938d8bb', '00000000-0000-0000-2026-000000000005', '4858572', 'Ryo Hisatsune', 16),
  ('59f78e12-2481-98ec-987a-17c0b6b3a494', '48d39ce8-e861-3276-5582-0de98938d8bb', '00000000-0000-0000-2026-000000000006', '8961', 'Sepp Straka', 90),
  ('677b2a18-2344-f310-fc03-5a615d2d2270', '48d39ce8-e861-3276-5582-0de98938d8bb', '00000000-0000-0000-2026-000000000007', '10980', 'Sahith Theegala', 26),
  ('65d227db-7f76-439d-3c05-04c47886e873', '48d39ce8-e861-3276-5582-0de98938d8bb', '00000000-0000-0000-2026-000000000008', '9843', 'Jake Knapp', 89),
  ('e6c63335-a627-d84e-1a99-1982659cc932', '48d39ce8-e861-3276-5582-0de98938d8bb', '00000000-0000-0000-2026-000000000009', '9780', 'John Rahm', 23),
  ('a4a24eca-cdca-8034-d833-9a312dc447b1', '48d39ce8-e861-3276-5582-0de98938d8bb', '00000000-0000-0000-2026-000000000010', '5467', 'Jordan Spieth', 23),
  ('2e52d1ec-0eaf-d28f-98e7-ff51159302f5', '48d39ce8-e861-3276-5582-0de98938d8bb', '00000000-0000-0000-2026-000000000011', '9478', 'Scottie Scheffler', 400),
  ('fe84b105-5d3d-9446-2028-28fca8e0cd18', '48d39ce8-e861-3276-5582-0de98938d8bb', '00000000-0000-0000-2026-000000000012', '4375972', 'Ludvig Åberg', 188),
  ('5208a9aa-1096-6fd4-f55a-c2f127fe44c3', '48d39ce8-e861-3276-5582-0de98938d8bb', '00000000-0000-0000-2026-000000000013', NULL, 'Xander Schauffle', 225),
  ('07454bff-c2c1-da0d-bb82-54d3873e3c11', '48d39ce8-e861-3276-5582-0de98938d8bb', '00000000-0000-0000-2026-000000000014', '3470', 'Rory McIlroy', 100),
  ('bdca8949-84fb-5486-428d-d5579825b61d', 'd6b2c551-f934-49cd-2c99-da13005204d2', '00000000-0000-0000-2026-000000000001', '4404992', 'Ben Griffin', 36),
  ('817b5b1e-2429-e1b2-1ae5-8c145960ddd4', 'd6b2c551-f934-49cd-2c99-da13005204d2', '00000000-0000-0000-2026-000000000002', '10166', 'J.J. Spaun', 0),
  ('6f4f8dc0-bddc-b982-20c9-7931bcae4d46', 'd6b2c551-f934-49cd-2c99-da13005204d2', '00000000-0000-0000-2026-000000000003', '7081', 'Si Woo Kim', 125),
  ('3b228dd0-966a-80ee-68fc-f7050607cb29', 'd6b2c551-f934-49cd-2c99-da13005204d2', '00000000-0000-0000-2026-000000000004', '4364873', 'Viktor Hovland', 9),
  ('a9fc6cc4-0a15-dfa5-bcc8-1332088fb735', 'd6b2c551-f934-49cd-2c99-da13005204d2', '00000000-0000-0000-2026-000000000005', '5539', 'Tommy Fleetwood', 176),
  ('1ae88565-ef90-fb92-6891-f802dae115ba', 'd6b2c551-f934-49cd-2c99-da13005204d2', '00000000-0000-0000-2026-000000000006', NULL, '', 0),
  ('39ab500d-da2d-99b6-d4d4-1796cba3ceb8', 'd6b2c551-f934-49cd-2c99-da13005204d2', '00000000-0000-0000-2026-000000000007', NULL, 'Xander schaufele', 350),
  ('951bd894-aa8b-0825-1f27-cb15d6112a61', 'd6b2c551-f934-49cd-2c99-da13005204d2', '00000000-0000-0000-2026-000000000008', '9843', 'Jake Knapp', 89),
  ('2f43735d-1f29-7cd3-3251-85a20c3e9b18', 'd6b2c551-f934-49cd-2c99-da13005204d2', '00000000-0000-0000-2026-000000000009', '10046', 'Bryson Dechambeau', 0),
  ('b1c5569c-b507-d539-1a6a-b423d5b642b4', 'd6b2c551-f934-49cd-2c99-da13005204d2', '00000000-0000-0000-2026-000000000010', '9037', 'Matt Fitzpatrick', 700),
  ('3b189dec-6f6a-89a0-63ed-93c4887ae877', 'd6b2c551-f934-49cd-2c99-da13005204d2', '00000000-0000-0000-2026-000000000011', NULL, '', 0),
  ('fc647b20-b19b-0576-c237-633f187f2f18', 'd6b2c551-f934-49cd-2c99-da13005204d2', '00000000-0000-0000-2026-000000000012', '3470', 'Rory McIlroy', 52),
  ('f02f7bcb-a9a7-64a8-51e8-0175944b12e6', 'd6b2c551-f934-49cd-2c99-da13005204d2', '00000000-0000-0000-2026-000000000013', '4425906', 'Cam Young', 37),
  ('b7120ee2-53f6-6a0d-e118-6720a02a5cee', 'd6b2c551-f934-49cd-2c99-da13005204d2', '00000000-0000-0000-2026-000000000014', '4375972', 'Ludvig Åberg', 21),
  ('fce7ef9f-875e-5bc8-aadd-05ef43167034', '5c0b9e50-2b09-93bd-5f66-f05c33a57a72', '00000000-0000-0000-2026-000000000001', '4404992', 'Ben Griffin', 36),
  ('6e8fe336-721c-2f0d-50ab-816a65defe44', '5c0b9e50-2b09-93bd-5f66-f05c33a57a72', '00000000-0000-0000-2026-000000000002', '1680', 'Jason Day', 16),
  ('aabe5bc3-2cd9-bd3f-5c5d-218145ce2e20', '5c0b9e50-2b09-93bd-5f66-f05c33a57a72', '00000000-0000-0000-2026-000000000003', '10980', 'Sahith Theegala', 44),
  ('64d8ac0e-c881-4294-70e1-793220df391a', '5c0b9e50-2b09-93bd-5f66-f05c33a57a72', '00000000-0000-0000-2026-000000000004', '9843', 'Jake Knapp', 148),
  ('37d40b5f-90b0-828b-9b9e-8d5a9189976c', '5c0b9e50-2b09-93bd-5f66-f05c33a57a72', '00000000-0000-0000-2026-000000000005', '4690755', 'Chris Gotterup', 0),
  ('28832e5e-2ec7-989a-5a10-a1828976f14d', '5c0b9e50-2b09-93bd-5f66-f05c33a57a72', '00000000-0000-0000-2026-000000000006', '10140', 'Xander Schauffele', 36),
  ('a630c782-bc99-0692-c7c4-e8bb29ca01e0', '5c0b9e50-2b09-93bd-5f66-f05c33a57a72', '00000000-0000-0000-2026-000000000007', '9478', 'Scottie Scheffler', 52),
  ('16310e02-0bc8-2a4d-1e8e-ada762d9ccc1', '5c0b9e50-2b09-93bd-5f66-f05c33a57a72', '00000000-0000-0000-2026-000000000008', '6798', 'Brooks Koepka', 0),
  ('642e9a63-5b29-2436-d4cb-ead907126d6f', '5c0b9e50-2b09-93bd-5f66-f05c33a57a72', '00000000-0000-0000-2026-000000000009', '569', 'Justin Rose', 313),
  ('001c504f-9203-917b-c944-f838469a4708', '5c0b9e50-2b09-93bd-5f66-f05c33a57a72', '00000000-0000-0000-2026-000000000010', '5409', 'Russel Henley', 35),
  ('f857650f-7438-2fc6-ff34-371c2de1354d', '5c0b9e50-2b09-93bd-5f66-f05c33a57a72', '00000000-0000-0000-2026-000000000011', '4425906', 'Cam young', 700),
  ('17f94bf8-80fd-7180-f855-89361e1d7b3f', '5c0b9e50-2b09-93bd-5f66-f05c33a57a72', '00000000-0000-0000-2026-000000000012', '3470', 'Rory McIlroy', 52),
  ('8ea0f685-0378-e258-aa26-85cb330f6556', '5c0b9e50-2b09-93bd-5f66-f05c33a57a72', '00000000-0000-0000-2026-000000000013', '9780', 'John Rahm', 500),
  ('b828a08c-1a71-b1dc-e9d3-d5a699095227', '5c0b9e50-2b09-93bd-5f66-f05c33a57a72', '00000000-0000-0000-2026-000000000014', '4375972', 'Ludvig Aberg', 21),
  ('8379d273-aef2-d443-0501-398a718453f2', '19428f31-4096-ee77-d815-78f5144771dc', '00000000-0000-0000-2026-000000000001', '9938', 'Sam Burns', 25),
  ('847b2376-58a6-dafa-b6f0-0b36acf7825a', '19428f31-4096-ee77-d815-78f5144771dc', '00000000-0000-0000-2026-000000000002', '4426181', 'Sam Stevens', 23),
  ('db693a36-e37f-b95d-94e8-c86fb39e0c16', '19428f31-4096-ee77-d815-78f5144771dc', '00000000-0000-0000-2026-000000000003', '5467', 'Jordan Spieth', 0),
  ('0b1d0f34-6c55-f339-e4aa-e7682787e90b', '19428f31-4096-ee77-d815-78f5144771dc', '00000000-0000-0000-2026-000000000004', '1680', 'Jason Day', 40),
  ('6b84650b-4f40-a4d8-abac-3a553278922e', '19428f31-4096-ee77-d815-78f5144771dc', '00000000-0000-0000-2026-000000000005', '5539', 'Tommy Fleetwood', 176),
  ('48ff4b72-14e9-0b76-3937-ebcdb1e03941', '19428f31-4096-ee77-d815-78f5144771dc', '00000000-0000-0000-2026-000000000006', '9037', 'Matt Fitzpatrick', 19),
  ('366f40e9-a4d0-41cd-7225-9b129eb1260e', '19428f31-4096-ee77-d815-78f5144771dc', '00000000-0000-0000-2026-000000000007', '4410932', 'Min Woo Lee', 26),
  ('eaf22d81-7070-28dc-2b00-5854780f3af7', '19428f31-4096-ee77-d815-78f5144771dc', '00000000-0000-0000-2026-000000000008', '9843', 'Jake Knapp', 89),
  ('7612304f-8e63-a3ff-9bcb-626f57e16425', '19428f31-4096-ee77-d815-78f5144771dc', '00000000-0000-0000-2026-000000000009', '9478', 'Scottie Scheffler', 500),
  ('ac7d9045-7115-a496-f0c6-772f96caa03e', '19428f31-4096-ee77-d815-78f5144771dc', '00000000-0000-0000-2026-000000000010', '5409', 'Russell Henley', 35),
  ('8093f1ce-60a5-8b01-1d91-27a349599f9f', '19428f31-4096-ee77-d815-78f5144771dc', '00000000-0000-0000-2026-000000000011', '4425906', 'Cam Young', 700),
  ('8d379952-89a1-6c57-f594-0a23c04aa4c8', '19428f31-4096-ee77-d815-78f5144771dc', '00000000-0000-0000-2026-000000000012', NULL, 'Xander', 8),
  ('47448c55-b6e4-6c0a-d8cd-7271404c79fc', '19428f31-4096-ee77-d815-78f5144771dc', '00000000-0000-0000-2026-000000000013', '3470', 'Rory McIlroy', 225),
  ('d70fe975-1524-7a21-281d-e696bcbf3eb2', '19428f31-4096-ee77-d815-78f5144771dc', '00000000-0000-0000-2026-000000000014', '4404992', 'Ben Griffin', 0),
  ('c985dcc7-c626-7c86-b2cf-0b66f786931c', 'adfb6ce4-180e-4c18-8ee6-d97e0c0b36cc', '00000000-0000-0000-2026-000000000001', '6007', 'Patrick Cantlay', 55),
  ('4ab97ba1-d7b9-23b0-eac8-698e2c6ff9b4', 'adfb6ce4-180e-4c18-8ee6-d97e0c0b36cc', '00000000-0000-0000-2026-000000000002', '1680', 'Jason Day', 16),
  ('94a1dc7b-92b3-8ae4-6bde-ace6a81e9c8e', 'adfb6ce4-180e-4c18-8ee6-d97e0c0b36cc', '00000000-0000-0000-2026-000000000003', '8961', 'Sepp Straka', 44),
  ('b6b0a6df-81c0-a6c2-0de2-8750167d5498', 'adfb6ce4-180e-4c18-8ee6-d97e0c0b36cc', '00000000-0000-0000-2026-000000000004', '9530', 'Maverick Mcnealy', 31),
  ('fc90170e-061a-2b5d-55f0-f45d9fed1c8a', 'adfb6ce4-180e-4c18-8ee6-d97e0c0b36cc', '00000000-0000-0000-2026-000000000005', '5860', 'Hideki matsuyama', 32),
  ('e62df5e5-8420-5c4b-e8c6-9756f720c44e', 'adfb6ce4-180e-4c18-8ee6-d97e0c0b36cc', '00000000-0000-0000-2026-000000000006', '10592', 'Collin Morikawa', 300),
  ('a316a264-e57e-550e-f523-237303ae82b5', 'adfb6ce4-180e-4c18-8ee6-d97e0c0b36cc', '00000000-0000-0000-2026-000000000007', '5539', 'Tommy Fleetwood', 200),
  ('c4c3914b-dd7b-403f-1ed7-e7e59e878f71', 'adfb6ce4-180e-4c18-8ee6-d97e0c0b36cc', '00000000-0000-0000-2026-000000000008', '9843', 'Jake Knapp', 89),
  ('ee3d7358-0a5d-6be7-142f-25703b46fa83', 'adfb6ce4-180e-4c18-8ee6-d97e0c0b36cc', '00000000-0000-0000-2026-000000000009', '10046', 'Bryson Dechambeau', 0),
  ('3069cfd2-778e-394a-c330-23915eb545f4', 'adfb6ce4-180e-4c18-8ee6-d97e0c0b36cc', '00000000-0000-0000-2026-000000000010', '9478', 'Scottie Scheffler', 400),
  ('89c84226-649c-4821-f626-cdf3b7875657', 'adfb6ce4-180e-4c18-8ee6-d97e0c0b36cc', '00000000-0000-0000-2026-000000000011', '4425906', 'Cameron Young', 700),
  ('ac178b98-5d04-2ad2-b34a-80efc70cf404', 'adfb6ce4-180e-4c18-8ee6-d97e0c0b36cc', '00000000-0000-0000-2026-000000000012', '10140', 'Xander Schauffele', 8),
  ('e23a4aca-94f1-2e3e-dfcc-982eb437f541', 'adfb6ce4-180e-4c18-8ee6-d97e0c0b36cc', '00000000-0000-0000-2026-000000000013', '9780', 'Jon Rahm', 500),
  ('ecdc9c8f-97a6-0a9f-6ea5-98acb9a25639', 'adfb6ce4-180e-4c18-8ee6-d97e0c0b36cc', '00000000-0000-0000-2026-000000000014', '7081', 'Si Woo Kim', 140),
  ('2d0da9ca-9a79-594c-74ed-be5b172e428d', '964e680f-fd20-918b-470a-0b0ca6ad1d98', '00000000-0000-0000-2026-000000000001', '7081', 'Si woo Kim', 95),
  ('0f79fadb-72c3-1a13-9dcf-2180f5f627cc', '964e680f-fd20-918b-470a-0b0ca6ad1d98', '00000000-0000-0000-2026-000000000002', '1680', 'Jason Lad Day', 16),
  ('195a9459-1010-8e9a-771e-44c1afc98cdf', '964e680f-fd20-918b-470a-0b0ca6ad1d98', '00000000-0000-0000-2026-000000000003', '9530', 'Mav mcnealy', 57),
  ('4176aab2-ca7d-3ffd-12ba-a93b8c97ba58', '964e680f-fd20-918b-470a-0b0ca6ad1d98', '00000000-0000-0000-2026-000000000004', '569', 'Justin Rose', 20),
  ('9fc99045-7f16-c960-9ab2-6440b6fd133b', '964e680f-fd20-918b-470a-0b0ca6ad1d98', '00000000-0000-0000-2026-000000000005', '9478', 'Scottie scheffler', 105),
  ('b7328fe0-da67-4dbf-254f-2b899ce303f2', '964e680f-fd20-918b-470a-0b0ca6ad1d98', '00000000-0000-0000-2026-000000000006', '10592', 'Colin Morikawa', 300),
  ('f63f0d09-1e40-caae-600a-c73f42c54a84', '964e680f-fd20-918b-470a-0b0ca6ad1d98', '00000000-0000-0000-2026-000000000007', '4375972', 'Ludvig aberg', 275),
  ('01a6635e-9923-1fbe-6a41-fd4393258ac2', '964e680f-fd20-918b-470a-0b0ca6ad1d98', '00000000-0000-0000-2026-000000000008', '4410932', 'Min woo lee', 163),
  ('0abf8043-4812-a6d8-137f-c7de54827e75', '964e680f-fd20-918b-470a-0b0ca6ad1d98', '00000000-0000-0000-2026-000000000009', NULL, 'Bryson', 0),
  ('de00ea47-f49e-4e90-7f1a-b0ee7b07dccb', '964e680f-fd20-918b-470a-0b0ca6ad1d98', '00000000-0000-0000-2026-000000000010', '5539', 'Tommy fleetwood', 12),
  ('9e0d298f-365d-aa9e-e1d7-51b8ff3fba8d', '964e680f-fd20-918b-470a-0b0ca6ad1d98', '00000000-0000-0000-2026-000000000011', '5409', 'Russell henley', 13),
  ('c0ce838c-ed5e-ccf3-20e6-32133b442f75', '964e680f-fd20-918b-470a-0b0ca6ad1d98', '00000000-0000-0000-2026-000000000012', '6007', 'Patrick cantlay', 133),
  ('f15174b1-418d-86a0-91cb-e9f27e2a173d', '964e680f-fd20-918b-470a-0b0ca6ad1d98', '00000000-0000-0000-2026-000000000013', '4425906', 'Cam young', 37),
  ('f5512c07-aaee-c938-367b-16d82364cdaa', '964e680f-fd20-918b-470a-0b0ca6ad1d98', '00000000-0000-0000-2026-000000000014', NULL, 'Rory', 100),
  ('aa7b1382-4eb1-a18c-20af-b6ccccf69f65', '74d93b5a-6733-00fb-0e6c-bcb6955ef5f6', '00000000-0000-0000-2026-000000000001', '7081', 'Si Woo Kim', 95),
  ('3c254c3e-ddaf-4561-be6f-448cf7241bbd', '74d93b5a-6733-00fb-0e6c-bcb6955ef5f6', '00000000-0000-0000-2026-000000000002', '1680', 'Jason Day', 16),
  ('82571f8c-e8e0-9de3-b557-0b48db1b524a', '74d93b5a-6733-00fb-0e6c-bcb6955ef5f6', '00000000-0000-0000-2026-000000000003', '10980', 'Sahith theegala', 44),
  ('5e5a8def-225d-8a7d-fc22-3a763422d234', '74d93b5a-6733-00fb-0e6c-bcb6955ef5f6', '00000000-0000-0000-2026-000000000004', '569', 'Justin Rose', 20),
  ('fcaaf2fc-4ed5-feae-c0ad-83cd18ff196c', '74d93b5a-6733-00fb-0e6c-bcb6955ef5f6', '00000000-0000-0000-2026-000000000005', '5539', 'Tommy Fleetwood', 176),
  ('d15f91e2-1160-fe68-114d-d984cbbbf0bb', '74d93b5a-6733-00fb-0e6c-bcb6955ef5f6', '00000000-0000-0000-2026-000000000006', '9037', 'Matt Fitzpatrick', 19),
  ('a6b5c5c8-b169-1909-e8be-1d6451a82403', '74d93b5a-6733-00fb-0e6c-bcb6955ef5f6', '00000000-0000-0000-2026-000000000007', '9843', 'Jake Knapp', 0),
  ('462e7973-ecfb-3010-40c3-6b3af6f0f963', '74d93b5a-6733-00fb-0e6c-bcb6955ef5f6', '00000000-0000-0000-2026-000000000008', '6798', 'Brooks Koepka', 0),
  ('6e560e2b-619b-1429-81c4-0fbc9ae3262c', '74d93b5a-6733-00fb-0e6c-bcb6955ef5f6', '00000000-0000-0000-2026-000000000009', '4425906', 'Cameron Young', 313),
  ('7590e3ef-929d-1330-11ee-5a56cbed2d84', '74d93b5a-6733-00fb-0e6c-bcb6955ef5f6', '00000000-0000-0000-2026-000000000010', '9478', 'Scottie Scheffler', 400),
  ('62298436-19be-433c-d02d-22f83d1de73a', '74d93b5a-6733-00fb-0e6c-bcb6955ef5f6', '00000000-0000-0000-2026-000000000011', '4419142', 'Akshay Bhatia', 40),
  ('a92b5cc2-1858-79fb-3a89-dcced6e0ddb7', '74d93b5a-6733-00fb-0e6c-bcb6955ef5f6', '00000000-0000-0000-2026-000000000012', '3470', 'Rory McIlroy', 52),
  ('84db9655-cf0a-71a4-9e3e-8d8d37e89709', '74d93b5a-6733-00fb-0e6c-bcb6955ef5f6', '00000000-0000-0000-2026-000000000013', '5467', 'Jordan Spieth', 56),
  ('99ffd39c-253f-d3c0-800f-fbbbac410df9', '74d93b5a-6733-00fb-0e6c-bcb6955ef5f6', '00000000-0000-0000-2026-000000000014', '10140', 'Xander Schauffele', 33),
  ('48770e7d-c3ca-84cd-7fc7-3ec99534732f', '8cf51b56-6f15-87f9-e167-f8f11fa23546', '00000000-0000-0000-2026-000000000001', NULL, 'Akshay “the dark knight” Bhatia (Batman)', 0),
  ('75731a66-8ee9-2167-a372-d004108dec8e', '8cf51b56-6f15-87f9-e167-f8f11fa23546', '00000000-0000-0000-2026-000000000002', NULL, 'Nicolai Hojgaard', 37),
  ('98aee892-1f6c-d804-d78c-1c5369903a8a', '8cf51b56-6f15-87f9-e167-f8f11fa23546', '00000000-0000-0000-2026-000000000003', NULL, '', 0),
  ('bbe6a0cd-12ba-fa67-4f6c-64ef95e2db31', '8cf51b56-6f15-87f9-e167-f8f11fa23546', '00000000-0000-0000-2026-000000000004', '7081', 'Si Woo Kim', 16),
  ('c97f7f85-21e7-c89e-2217-235c6ffa360d', '8cf51b56-6f15-87f9-e167-f8f11fa23546', '00000000-0000-0000-2026-000000000005', NULL, 'Maverick McNeally', 0),
  ('b582ef15-bb2f-4a6e-afa1-a7e494531b9e', '8cf51b56-6f15-87f9-e167-f8f11fa23546', '00000000-0000-0000-2026-000000000006', '5409', 'russel henley', 233),
  ('520ceb84-58c7-f663-7a22-fca0f11a2a3b', '8cf51b56-6f15-87f9-e167-f8f11fa23546', '00000000-0000-0000-2026-000000000007', '4375972', 'Ludvig Aberg', 275),
  ('35d11ed6-2f78-ebf3-c923-c53aa113ebef', '8cf51b56-6f15-87f9-e167-f8f11fa23546', '00000000-0000-0000-2026-000000000008', '4425904', 'Michael Thorbjornsen', 53),
  ('742f1fe9-9ef0-4938-e52b-8fcc0f77a512', '8cf51b56-6f15-87f9-e167-f8f11fa23546', '00000000-0000-0000-2026-000000000009', '3470', 'Rory Mcilroy', 750),
  ('f774dda4-4873-febc-801a-ac91c0bd5a28', '8cf51b56-6f15-87f9-e167-f8f11fa23546', '00000000-0000-0000-2026-000000000010', '5539', 'Tommy Fleetwood', 12),
  ('0123c7f0-ccda-5d2d-0aa5-ab57e3318863', '8cf51b56-6f15-87f9-e167-f8f11fa23546', '00000000-0000-0000-2026-000000000011', '388', 'Adam Scott', 300),
  ('9247b2be-cb9b-7daa-61b9-6d24888a9be3', '8cf51b56-6f15-87f9-e167-f8f11fa23546', '00000000-0000-0000-2026-000000000012', NULL, 'Seamus', 0),
  ('9ec9d23a-6538-6e38-bc7d-3014fc535db1', '8cf51b56-6f15-87f9-e167-f8f11fa23546', '00000000-0000-0000-2026-000000000013', NULL, 'Hovland', 0),
  ('e51fa0ac-4299-f1db-6deb-910f2bc6065a', '8cf51b56-6f15-87f9-e167-f8f11fa23546', '00000000-0000-0000-2026-000000000014', NULL, '', 0),
  ('62e777cf-6b41-14db-171b-803ffc6fa8fa', 'c9e7fc06-f554-aa04-8bfc-f8bbb289fe77', '00000000-0000-0000-2026-000000000001', '4404991', 'Lee Hodges', 0),
  ('32ff7d9f-9c1e-9222-e7d7-7c13881733e0', 'c9e7fc06-f554-aa04-8bfc-f8bbb289fe77', '00000000-0000-0000-2026-000000000002', '10140', 'Xander Schauffele', 0),
  ('863a8ce3-443a-f445-c0de-8a3ae3c08123', 'c9e7fc06-f554-aa04-8bfc-f8bbb289fe77', '00000000-0000-0000-2026-000000000003', NULL, '', 0),
  ('4e75b417-31a5-65d2-7b39-79b0ba11ee45', 'c9e7fc06-f554-aa04-8bfc-f8bbb289fe77', '00000000-0000-0000-2026-000000000004', '7081', 'Si Woo Kim', 16),
  ('a83ecc72-706f-a307-00b3-a9e0c39251bc', 'c9e7fc06-f554-aa04-8bfc-f8bbb289fe77', '00000000-0000-0000-2026-000000000005', '3470', 'Rory McIlroy', 375),
  ('0f7b44ea-01e4-93b2-2743-6e0033729b1c', 'c9e7fc06-f554-aa04-8bfc-f8bbb289fe77', '00000000-0000-0000-2026-000000000006', NULL, '', 0),
  ('822fefc0-8d80-49ef-1714-b10cdff59ffd', 'c9e7fc06-f554-aa04-8bfc-f8bbb289fe77', '00000000-0000-0000-2026-000000000007', '5539', 'Tommy Fleetwood', 200),
  ('75eae583-da9e-252b-07c1-b5703ed66274', 'c9e7fc06-f554-aa04-8bfc-f8bbb289fe77', '00000000-0000-0000-2026-000000000008', '4690755', 'Chris Gotterup', 89),
  ('4587e620-fcb0-729b-be14-67511d4c6b35', 'c9e7fc06-f554-aa04-8bfc-f8bbb289fe77', '00000000-0000-0000-2026-000000000009', '10046', 'Bryson DeChambeau', 0),
  ('4019741e-8e6d-968a-19c5-c2bcccf2aab1', 'c9e7fc06-f554-aa04-8bfc-f8bbb289fe77', '00000000-0000-0000-2026-000000000010', '5409', 'Russell Henley', 35),
  ('335d69e4-aaa9-1f98-6f26-a5f26a096933', 'c9e7fc06-f554-aa04-8bfc-f8bbb289fe77', '00000000-0000-0000-2026-000000000011', '4848', 'Justin Thomas', 40),
  ('9bd8aed5-c1f8-9fb6-7a7a-70efc2189e92', 'c9e7fc06-f554-aa04-8bfc-f8bbb289fe77', '00000000-0000-0000-2026-000000000012', '11378', 'Robert MacIntyre', 8),
  ('2add34ee-f6b4-1b42-97fe-ab96ee2c6b02', 'c9e7fc06-f554-aa04-8bfc-f8bbb289fe77', '00000000-0000-0000-2026-000000000013', '569', 'Justin Rose', 145),
  ('fbffdd6e-0b5c-3dfc-8c78-0d6837ef2255', 'c9e7fc06-f554-aa04-8bfc-f8bbb289fe77', '00000000-0000-0000-2026-000000000014', '10166', 'J.J. Spaun', 100),
  ('ab88806e-9ab9-41c0-1274-4b8c97d5864f', '95696790-df96-f8b1-b970-33fbb87a75d6', '00000000-0000-0000-2026-000000000001', '9938', 'Sam Burns', 25),
  ('6b3a5d42-0b2c-c177-8434-3a5fbd4d1704', '95696790-df96-f8b1-b970-33fbb87a75d6', '00000000-0000-0000-2026-000000000002', '2230', 'Tony Finau', 59),
  ('6ebd15ac-3f0b-3997-23fe-2d0aca9e1fc0', '95696790-df96-f8b1-b970-33fbb87a75d6', '00000000-0000-0000-2026-000000000003', '8973', 'Max Homa', 4),
  ('cacfd18e-cf5b-38b7-573d-4d49c537461e', '95696790-df96-f8b1-b970-33fbb87a75d6', '00000000-0000-0000-2026-000000000004', '5467', 'Jordan Spieth', 31),
  ('58b9b412-f4d3-16e9-6886-7ecea0671314', '95696790-df96-f8b1-b970-33fbb87a75d6', '00000000-0000-0000-2026-000000000005', '10592', 'Collin Morikawa', 176),
  ('dbb87ef1-7c04-7a58-23b1-d673b1d8adef', '95696790-df96-f8b1-b970-33fbb87a75d6', '00000000-0000-0000-2026-000000000006', '3470', 'Rory McIlroy', 0),
  ('63d5d248-2e0b-b84a-59c9-952f87c6cff5', '95696790-df96-f8b1-b970-33fbb87a75d6', '00000000-0000-0000-2026-000000000007', '1225', 'Brian Harman', 145),
  ('3c9fa9a9-66e8-8f1f-42cb-aa80cff0c9b8', '95696790-df96-f8b1-b970-33fbb87a75d6', '00000000-0000-0000-2026-000000000008', '4690755', 'Chris Gotterup', 89),
  ('bc397a04-1692-a429-444a-3b07050a4639', '95696790-df96-f8b1-b970-33fbb87a75d6', '00000000-0000-0000-2026-000000000009', '9478', 'Scottie Scheffler', 500),
  ('79d7bad1-68fe-3062-5833-2d84fbcaa51f', '95696790-df96-f8b1-b970-33fbb87a75d6', '00000000-0000-0000-2026-000000000010', '6007', 'Patrick Cantlay', 164),
  ('016fef83-b0dd-eb0a-df50-f7175162518a', '95696790-df96-f8b1-b970-33fbb87a75d6', '00000000-0000-0000-2026-000000000011', '5539', 'Tommy Fleetwood', 40),
  ('d1f1c6af-251a-1019-e910-c13daa542b65', '95696790-df96-f8b1-b970-33fbb87a75d6', '00000000-0000-0000-2026-000000000012', '10140', 'Xander Schauffele', 8),
  ('bf8a2e23-feca-508d-3a3c-af87b294e3ae', '95696790-df96-f8b1-b970-33fbb87a75d6', '00000000-0000-0000-2026-000000000013', '4425906', 'Cameron Young', 37),
  ('aed46386-1caf-1f12-a59d-aa18b479f378', '95696790-df96-f8b1-b970-33fbb87a75d6', '00000000-0000-0000-2026-000000000014', '4375972', 'Ludvig Åberg', 21),
  ('6a2f9e08-ade6-a910-67d3-187d5ba99ee1', '01a9d72a-5621-ae2c-b0dd-52b57be4cb0c', '00000000-0000-0000-2026-000000000001', '4404992', 'Ben Griffin', 36),
  ('b955b13e-d1d9-1bb4-3ef4-b2e146f39450', '01a9d72a-5621-ae2c-b0dd-52b57be4cb0c', '00000000-0000-0000-2026-000000000002', '4425906', 'Cameron Young', 37),
  ('fb52ace4-7de8-e5b9-b539-f64c036e161d', '01a9d72a-5621-ae2c-b0dd-52b57be4cb0c', '00000000-0000-0000-2026-000000000003', '7081', 'Si Woo Kim', 125),
  ('5790e1d8-3384-37be-5178-15a8addcc047', '01a9d72a-5621-ae2c-b0dd-52b57be4cb0c', '00000000-0000-0000-2026-000000000004', '9530', 'Mav McNealy', 31),
  ('d662ea73-0043-54b2-4efd-2aca1859c255', '01a9d72a-5621-ae2c-b0dd-52b57be4cb0c', '00000000-0000-0000-2026-000000000005', '5860', 'Hideki Matsuyama', 32),
  ('dde7d4f6-a54b-bc44-7675-08578fefe892', '01a9d72a-5621-ae2c-b0dd-52b57be4cb0c', '00000000-0000-0000-2026-000000000006', '5539', 'Tommy Fleetwood', 14),
  ('1a53830b-ef89-64a9-bd6d-8c41f9685832', '01a9d72a-5621-ae2c-b0dd-52b57be4cb0c', '00000000-0000-0000-2026-000000000007', NULL, 'Xander Schufffele', 350),
  ('e4b94e42-0050-d9ad-87fc-da7f298ed6ab', '01a9d72a-5621-ae2c-b0dd-52b57be4cb0c', '00000000-0000-0000-2026-000000000008', '9938', 'Sam Burns', 37),
  ('5cc75940-1cdb-ab2b-0030-f41bb73daf31', '01a9d72a-5621-ae2c-b0dd-52b57be4cb0c', '00000000-0000-0000-2026-000000000009', '4375972', 'Ludvig Aberg', 53),
  ('1db66cbf-4678-9fef-3156-d5d412e88ca9', '01a9d72a-5621-ae2c-b0dd-52b57be4cb0c', '00000000-0000-0000-2026-000000000010', '6007', 'Patrick Cantlay', 164),
  ('df0c3b5b-fbc8-286c-4fbd-3f7d84cc53ee', '01a9d72a-5621-ae2c-b0dd-52b57be4cb0c', '00000000-0000-0000-2026-000000000011', '4364873', 'Viktor Hovland', 18),
  ('b9c2eaf4-5283-01da-4a8c-cc1432e1e8ef', '01a9d72a-5621-ae2c-b0dd-52b57be4cb0c', '00000000-0000-0000-2026-000000000012', '9037', 'Matt Fitzpatrick', 10),
  ('2658a342-ce44-9656-15f9-1d483b9dba82', '01a9d72a-5621-ae2c-b0dd-52b57be4cb0c', '00000000-0000-0000-2026-000000000013', '9478', 'Scottie Scheffler', 90),
  ('d64968d7-a147-c9d0-5c81-4081eea83629', '01a9d72a-5621-ae2c-b0dd-52b57be4cb0c', '00000000-0000-0000-2026-000000000014', '4848', 'Justin Thomas', 55),
  ('6d3b8925-3dd1-5387-7669-c4d8cc846897', 'c20d9322-273a-cc83-edca-2380cfd40732', '00000000-0000-0000-2026-000000000001', '5409', 'Russell Henley', 75),
  ('babe2f7e-b465-2862-a052-33c4f9d462a9', 'c20d9322-273a-cc83-edca-2380cfd40732', '00000000-0000-0000-2026-000000000002', '1680', 'Jason day', 16),
  ('82454799-2795-0059-c86e-ff30ecb3fbfa', 'c20d9322-273a-cc83-edca-2380cfd40732', '00000000-0000-0000-2026-000000000003', '4425906', 'Cameron Young', 12),
  ('9d27cbee-17ab-4f2b-5097-365ed2b8064c', 'c20d9322-273a-cc83-edca-2380cfd40732', '00000000-0000-0000-2026-000000000004', '5860', 'Hideki Matsuyama', 148),
  ('dd7416fb-ca37-ed29-feae-a27ebf4b5c21', 'c20d9322-273a-cc83-edca-2380cfd40732', '00000000-0000-0000-2026-000000000005', '10140', 'Xander Schauffele', 176),
  ('fd06516b-c17a-f1c6-151e-dcbd99cbdbdc', 'c20d9322-273a-cc83-edca-2380cfd40732', '00000000-0000-0000-2026-000000000006', '569', 'Justin Rose', 0),
  ('f1e5f9c0-10f9-5d28-2fc4-023af12fd061', 'c20d9322-273a-cc83-edca-2380cfd40732', '00000000-0000-0000-2026-000000000007', '9478', 'Scottie Scheffler', 52),
  ('67f83111-b476-efe4-b86c-22b67635b9c0', 'c20d9322-273a-cc83-edca-2380cfd40732', '00000000-0000-0000-2026-000000000008', '3702', 'Rickie Fowler', 0),
  ('22b9c298-c540-2e37-50fd-bd02de81541d', 'c20d9322-273a-cc83-edca-2380cfd40732', '00000000-0000-0000-2026-000000000009', '4375972', 'Ludvig Aberg', 53),
  ('0dc9c753-bec1-4327-eff3-73912fee1bc2', 'c20d9322-273a-cc83-edca-2380cfd40732', '00000000-0000-0000-2026-000000000010', '4690755', 'Chris Gotterup', 35),
  ('f24f795b-0524-6498-0145-6ee6ebdd3099', 'c20d9322-273a-cc83-edca-2380cfd40732', '00000000-0000-0000-2026-000000000011', '5467', 'Jordan Spieth', 56),
  ('630af820-760f-b5d8-f956-f199b394d249', 'c20d9322-273a-cc83-edca-2380cfd40732', '00000000-0000-0000-2026-000000000012', '388', 'Adam Scott', 38),
  ('d3db50f8-d964-591d-dd4b-fc426d81bf47', 'c20d9322-273a-cc83-edca-2380cfd40732', '00000000-0000-0000-2026-000000000013', NULL, 'Rory', 225),
  ('76df64e1-1e71-02a5-59ea-0a0ded894b38', 'c20d9322-273a-cc83-edca-2380cfd40732', '00000000-0000-0000-2026-000000000014', '4587', 'Shane Lowry', 44),
  ('87114458-7b04-6544-fe11-b9f825a8ecf3', '8a3bd3fe-d7e2-e2c6-aef4-605ce4378794', '00000000-0000-0000-2026-000000000001', '4404992', 'Ben griffin', 36),
  ('1fdf46ba-7d19-fb63-40ee-267222fdb2b9', '8a3bd3fe-d7e2-e2c6-aef4-605ce4378794', '00000000-0000-0000-2026-000000000002', '6798', 'Brooks koepka', 6),
  ('5679a235-f7eb-aabe-be16-831e1a9b6559', '8a3bd3fe-d7e2-e2c6-aef4-605ce4378794', '00000000-0000-0000-2026-000000000003', '2230', 'Tony finau', 0),
  ('65f286c4-63b3-23aa-52ee-f659e18a57f0', '8a3bd3fe-d7e2-e2c6-aef4-605ce4378794', '00000000-0000-0000-2026-000000000004', '4419142', 'Akshay Bhatia', 250),
  ('368f85bd-8556-f685-66c1-e469acb29c0f', '8a3bd3fe-d7e2-e2c6-aef4-605ce4378794', '00000000-0000-0000-2026-000000000005', '9478', 'Scottie scheffler', 105),
  ('3da1eb9a-687a-c514-7eb3-71cd8bb14cb8', '8a3bd3fe-d7e2-e2c6-aef4-605ce4378794', '00000000-0000-0000-2026-000000000006', '5539', 'Thomas P. Fleetwood', 19),
  ('96b04a32-19f4-3978-cb16-ca58742f1bbc', '8a3bd3fe-d7e2-e2c6-aef4-605ce4378794', '00000000-0000-0000-2026-000000000007', '9843', 'Jake knapp', 0),
  ('3b1df7f1-d4e3-6433-62e5-c07507582351', '8a3bd3fe-d7e2-e2c6-aef4-605ce4378794', '00000000-0000-0000-2026-000000000008', NULL, 'Big dick Rick fowler', 0),
  ('be7846ab-f37a-5433-fb0f-c5f469fe8f50', '8a3bd3fe-d7e2-e2c6-aef4-605ce4378794', '00000000-0000-0000-2026-000000000009', '9037', 'Matt Fitzpatrick', 65),
  ('c1e9f570-9c51-c2f1-4526-209a858eea95', '8a3bd3fe-d7e2-e2c6-aef4-605ce4378794', '00000000-0000-0000-2026-000000000010', '4587', 'Shane Lowry', 15),
  ('743ef56c-7b6c-f874-87fa-b6a34eb25e50', '8a3bd3fe-d7e2-e2c6-aef4-605ce4378794', '00000000-0000-0000-2026-000000000011', '9938', 'Samuel H Burns', 18),
  ('ce4a7424-2f33-4ff6-12e8-a375d88cc545', '8a3bd3fe-d7e2-e2c6-aef4-605ce4378794', '00000000-0000-0000-2026-000000000012', '3470', 'Rory Daniel Mcilroy', 52),
  ('6952062e-4ec0-93b9-2ef9-b0ee9f083b16', '8a3bd3fe-d7e2-e2c6-aef4-605ce4378794', '00000000-0000-0000-2026-000000000013', '4425906', 'Cameron David young', 37),
  ('adc2b876-8b43-c2dd-173a-3e91ad6ea88b', '8a3bd3fe-d7e2-e2c6-aef4-605ce4378794', '00000000-0000-0000-2026-000000000014', '7081', 'Si woo kim', 140),
  ('57aa4f7d-c996-6b27-9824-feca60d352aa', '114c5ca5-e331-23ad-3fe0-69158924a5eb', '00000000-0000-0000-2026-000000000001', NULL, 'Robert McIntyre', 16),
  ('7c549ff2-9c88-c3c6-1362-4bd50885ae25', '114c5ca5-e331-23ad-3fe0-69158924a5eb', '00000000-0000-0000-2026-000000000002', '10166', 'JJ Spaun', 0),
  ('843e9a03-517b-30f1-f679-d79baf51d45b', '114c5ca5-e331-23ad-3fe0-69158924a5eb', '00000000-0000-0000-2026-000000000003', NULL, '', 0),
  ('5338fc12-7b90-f619-964a-191241138f26', '114c5ca5-e331-23ad-3fe0-69158924a5eb', '00000000-0000-0000-2026-000000000004', '5409', 'Russel Henley', 52),
  ('f1d233c4-115a-d1e9-4ec0-3b9cccdfc2f6', '114c5ca5-e331-23ad-3fe0-69158924a5eb', '00000000-0000-0000-2026-000000000005', '2230', 'Tony Finau', 32),
  ('dd66a2fc-79e6-0a22-cdeb-253d011ffe90', '114c5ca5-e331-23ad-3fe0-69158924a5eb', '00000000-0000-0000-2026-000000000006', '7081', 'Si Woo Kim', 90),
  ('a7218bf9-92d9-f684-1ccd-ebf72621074e', '114c5ca5-e331-23ad-3fe0-69158924a5eb', '00000000-0000-0000-2026-000000000007', '10140', 'Xander Schauffele', 350),
  ('1ef42a46-fdd5-9835-a411-c843cdd0e832', '114c5ca5-e331-23ad-3fe0-69158924a5eb', '00000000-0000-0000-2026-000000000008', '9843', 'Jake Knapp', 89),
  ('058152b3-238b-1b50-5b8b-7d64e3874d08', '114c5ca5-e331-23ad-3fe0-69158924a5eb', '00000000-0000-0000-2026-000000000009', NULL, 'Rory Rory', 750),
  ('49e6f335-aea9-c7dc-6877-1ed97836a7db', '114c5ca5-e331-23ad-3fe0-69158924a5eb', '00000000-0000-0000-2026-000000000010', '6007', 'Patrick Cantlay', 164),
  ('fa2ed696-0dc0-65d5-37c2-7db64a7c114f', '114c5ca5-e331-23ad-3fe0-69158924a5eb', '00000000-0000-0000-2026-000000000011', '3550', 'Gary Woodland', 18),
  ('25988a69-4424-8657-d904-edf07c005253', '114c5ca5-e331-23ad-3fe0-69158924a5eb', '00000000-0000-0000-2026-000000000012', '388', 'Adam Scott', 38),
  ('6a1c039e-6698-98dd-b090-8779318a65f0', '114c5ca5-e331-23ad-3fe0-69158924a5eb', '00000000-0000-0000-2026-000000000013', '4425906', 'Cam Young', 37),
  ('a9b2e444-da56-07f6-4cb1-c318c114f030', '114c5ca5-e331-23ad-3fe0-69158924a5eb', '00000000-0000-0000-2026-000000000014', '9478', 'Scottie Scheffler', 100),
  ('cf2a48f6-80b8-0afc-8468-06fd724b0cf7', 'bca16c00-7b89-e4a3-395c-c8c7d9a738ec', '00000000-0000-0000-2026-000000000001', '10505', 'J.T. Poston', 16),
  ('36085c1a-5c96-8140-b430-694dd489ad3f', 'bca16c00-7b89-e4a3-395c-c8c7d9a738ec', '00000000-0000-0000-2026-000000000002', '9658', 'Taylor Pendrith', 0),
  ('47e9d3ae-259c-9862-d7db-85f3e0636ea1', 'bca16c00-7b89-e4a3-395c-c8c7d9a738ec', '00000000-0000-0000-2026-000000000003', '9530', 'Maverick McNealy', 57),
  ('3f8149f6-ee70-59ef-331f-2c0834561cb5', 'bca16c00-7b89-e4a3-395c-c8c7d9a738ec', '00000000-0000-0000-2026-000000000004', '7081', 'Si Woo Kim', 16),
  ('eae0bc97-5f18-dc08-177f-ea428765c0c2', 'bca16c00-7b89-e4a3-395c-c8c7d9a738ec', '00000000-0000-0000-2026-000000000005', '5539', 'Tommy Fleetwood', 176),
  ('2c3ec394-4315-ca49-927d-6b01c3e69c81', 'bca16c00-7b89-e4a3-395c-c8c7d9a738ec', '00000000-0000-0000-2026-000000000006', '9037', 'Matt Fitzpatrick', 19),
  ('07411907-d14c-ec54-942d-a57e1523bf3f', 'bca16c00-7b89-e4a3-395c-c8c7d9a738ec', '00000000-0000-0000-2026-000000000007', '5467', 'Jordan Spieth', 26),
  ('5c87240b-3dc1-7d0b-111a-a98bfd5aef89', 'bca16c00-7b89-e4a3-395c-c8c7d9a738ec', '00000000-0000-0000-2026-000000000008', '2230', 'Tony Finau', 15),
  ('42344410-099a-2e6b-943b-2c3137b9baff', 'bca16c00-7b89-e4a3-395c-c8c7d9a738ec', '00000000-0000-0000-2026-000000000009', '10140', 'Xander Schauffele', 188),
  ('1df13b41-1b37-fc64-d94c-ebe66b4f4b4d', 'bca16c00-7b89-e4a3-395c-c8c7d9a738ec', '00000000-0000-0000-2026-000000000010', '4425906', 'Cameron Young', 35),
  ('698ed891-2bb2-ac9b-8dbd-7707c557246a', 'bca16c00-7b89-e4a3-395c-c8c7d9a738ec', '00000000-0000-0000-2026-000000000011', '10980', 'Sahith Theegala', 27),
  ('29e6b405-1b30-fedf-8c44-b65373e16a5c', 'bca16c00-7b89-e4a3-395c-c8c7d9a738ec', '00000000-0000-0000-2026-000000000012', '4375972', 'Ludvig Aberg', 188),
  ('d06c18c1-a3b2-733b-f57a-bcd798aee184', 'bca16c00-7b89-e4a3-395c-c8c7d9a738ec', '00000000-0000-0000-2026-000000000013', NULL, '', 0),
  ('13e2981e-3f80-61b2-324e-dd1b08fdd6b1', 'bca16c00-7b89-e4a3-395c-c8c7d9a738ec', '00000000-0000-0000-2026-000000000014', NULL, 'Fowler', 0),
  ('b4ed6a8f-255c-248c-8754-780319a00670', '6faa56a1-b334-a0b2-3254-e5f648df7914', '00000000-0000-0000-2026-000000000001', '4589438', 'Harry Hall', 36),
  ('4e27c600-aa20-e44a-9f24-ed9a3cd09763', '6faa56a1-b334-a0b2-3254-e5f648df7914', '00000000-0000-0000-2026-000000000002', '4425906', 'Cameron Young', 37),
  ('8f4a64d0-0518-caea-bb6c-1ccef1581eb0', '6faa56a1-b334-a0b2-3254-e5f648df7914', '00000000-0000-0000-2026-000000000003', '5860', 'Hideki Matsuyama', 300),
  ('f4aead34-9742-89cb-f67b-9ce0385ec6d6', '6faa56a1-b334-a0b2-3254-e5f648df7914', '00000000-0000-0000-2026-000000000004', '569', 'Justin Rose', 20),
  ('2139ac9b-11fc-f88c-c44f-48054596aff7', '6faa56a1-b334-a0b2-3254-e5f648df7914', '00000000-0000-0000-2026-000000000005', '9478', 'Scottie Scheffler', 105),
  ('2869eec7-0333-8261-90ac-d171f6adfcde', '6faa56a1-b334-a0b2-3254-e5f648df7914', '00000000-0000-0000-2026-000000000006', '10592', 'Collin Morikawa', 300),
  ('fc4637ba-a18a-64c6-4ce3-942c7c46a1ee', '6faa56a1-b334-a0b2-3254-e5f648df7914', '00000000-0000-0000-2026-000000000007', '4375972', 'Ludvig Aberg', 275),
  ('166ea791-c60c-19dc-3402-ad74c160020b', '6faa56a1-b334-a0b2-3254-e5f648df7914', '00000000-0000-0000-2026-000000000008', '4690755', 'Christopher Gotterup', 89),
  ('01ca36a8-c72f-0264-ec9d-16316875c677', '6faa56a1-b334-a0b2-3254-e5f648df7914', '00000000-0000-0000-2026-000000000009', '9780', 'Jon Rahm', 23),
  ('7edc36fe-430d-e3bb-caa7-0b9372b7567d', '6faa56a1-b334-a0b2-3254-e5f648df7914', '00000000-0000-0000-2026-000000000010', '10140', 'Xander Schauffele', 105),
  ('e8b3d640-8dbb-04ad-d8be-c2e3c22ad9cd', '6faa56a1-b334-a0b2-3254-e5f648df7914', '00000000-0000-0000-2026-000000000011', '7081', 'Si Woo Kim', 300),
  ('35b9961a-0dd0-6dbf-fcd4-f70243f82005', '6faa56a1-b334-a0b2-3254-e5f648df7914', '00000000-0000-0000-2026-000000000012', '3470', 'Rory McIlroy', 52),
  ('41fad5fc-3e89-0324-b222-0b6f0013bdb4', '6faa56a1-b334-a0b2-3254-e5f648df7914', '00000000-0000-0000-2026-000000000013', '10046', 'Bryson DeChambeau', 0),
  ('4083b423-13da-7260-f1b7-06d8ad908513', '6faa56a1-b334-a0b2-3254-e5f648df7914', '00000000-0000-0000-2026-000000000014', '3702', 'Rickie Fowler', 0),
  ('64bd452c-61e8-12ee-b54a-697db966b76f', '41414b77-89dd-5aaa-fd77-0380eaaf65df', '00000000-0000-0000-2026-000000000001', '8961', 'Sepp Straka', 0),
  ('20e6addd-9941-feaa-490a-74d0dcb2b6cd', '41414b77-89dd-5aaa-fd77-0380eaaf65df', '00000000-0000-0000-2026-000000000002', '11119', 'Wyndam Clark', 4),
  ('80dfaff7-df52-b377-2d26-114506cd8a3a', '41414b77-89dd-5aaa-fd77-0380eaaf65df', '00000000-0000-0000-2026-000000000003', '7081', 'Si Woo Kim', 125),
  ('e44ef9a5-bf2d-c9f5-894c-445e95ff0b9c', '41414b77-89dd-5aaa-fd77-0380eaaf65df', '00000000-0000-0000-2026-000000000004', '4364873', 'V. Hovland', 9),
  ('b81f64ac-6c24-46b4-994c-9c0d620e937a', '41414b77-89dd-5aaa-fd77-0380eaaf65df', '00000000-0000-0000-2026-000000000005', '4410932', 'Min Woo Lee', 105),
  ('0b2d885f-79e3-2f2b-a4ee-5744e3eab935', '41414b77-89dd-5aaa-fd77-0380eaaf65df', '00000000-0000-0000-2026-000000000006', NULL, 'Corey Connors', 25),
  ('f1d330cd-05a2-3683-132a-91d71460bf73', '41414b77-89dd-5aaa-fd77-0380eaaf65df', '00000000-0000-0000-2026-000000000007', '3702', 'Rickie Fowler', 19),
  ('dca88467-9dc6-9b33-385e-6d59274887f7', '41414b77-89dd-5aaa-fd77-0380eaaf65df', '00000000-0000-0000-2026-000000000008', NULL, 'N. Hojgaard', 300),
  ('4eb9978e-e3fe-6889-2d79-48a9b9cc1cce', '41414b77-89dd-5aaa-fd77-0380eaaf65df', '00000000-0000-0000-2026-000000000009', '9478', 'Scottie Scheffler', 500),
  ('c807627e-2d97-5429-3795-d4cf441202e8', '41414b77-89dd-5aaa-fd77-0380eaaf65df', '00000000-0000-0000-2026-000000000010', '5409', 'Russell Henley', 35),
  ('85f3f8c6-0373-f493-3e2e-edfeb0a6228a', '41414b77-89dd-5aaa-fd77-0380eaaf65df', '00000000-0000-0000-2026-000000000011', '5408', 'Harris English', 10),
  ('6ac7374e-a9b7-3873-54fc-40596ede4a19', '41414b77-89dd-5aaa-fd77-0380eaaf65df', '00000000-0000-0000-2026-000000000012', '10980', 'Sahith Theegala', 6),
  ('1281da18-b106-8f28-5c16-557dcd4fa169', '41414b77-89dd-5aaa-fd77-0380eaaf65df', '00000000-0000-0000-2026-000000000013', '4425906', 'Cameron Young', 37),
  ('d09125e9-824c-5954-ea89-8562f748984e', '41414b77-89dd-5aaa-fd77-0380eaaf65df', '00000000-0000-0000-2026-000000000014', '4848', 'Justin Thomas', 55),
  ('8326e893-c9ab-6e64-3e06-8116756a6dec', 'f3a705ac-5807-0c2a-b1fd-e29e47d31c55', '00000000-0000-0000-2026-000000000001', '10054', 'Denny McCarthy', 5),
  ('316654fd-4669-5996-8a1a-f08ed335e51f', 'f3a705ac-5807-0c2a-b1fd-e29e47d31c55', '00000000-0000-0000-2026-000000000002', '4375972', 'Ludvig Åberg', 0),
  ('4939f253-a6e2-0613-45e1-b90262344cb7', 'f3a705ac-5807-0c2a-b1fd-e29e47d31c55', '00000000-0000-0000-2026-000000000003', '5860', 'hideki matsuyama', 300),
  ('8bd72cb4-147a-041d-7aa1-f2ada78305b7', 'f3a705ac-5807-0c2a-b1fd-e29e47d31c55', '00000000-0000-0000-2026-000000000004', '9530', 'Maverick McNealy', 31),
  ('e16516d7-ccdc-a163-2b20-a2420db16216', 'f3a705ac-5807-0c2a-b1fd-e29e47d31c55', '00000000-0000-0000-2026-000000000005', '3470', 'Rory McIlroy', 375),
  ('112b6933-2d52-8360-9972-1dc3dcbf2710', 'f3a705ac-5807-0c2a-b1fd-e29e47d31c55', '00000000-0000-0000-2026-000000000006', '5539', 'Tommy Fleetwood', 14),
  ('ecb30576-0b41-89c0-5916-fcd751aac909', 'f3a705ac-5807-0c2a-b1fd-e29e47d31c55', '00000000-0000-0000-2026-000000000007', '7081', 'Si Woo Kim', 13),
  ('8eb5a02e-d1f1-25d3-3234-616ed6678a59', 'f3a705ac-5807-0c2a-b1fd-e29e47d31c55', '00000000-0000-0000-2026-000000000008', '10980', 'Sahith Theegala', 73),
  ('35571aa9-fc84-e35f-991c-6a7581e4a50c', 'f3a705ac-5807-0c2a-b1fd-e29e47d31c55', '00000000-0000-0000-2026-000000000009', '10140', 'Xander Schauffele', 188),
  ('1d6b56a0-4d94-a550-0be6-f352afaf5fd4', 'f3a705ac-5807-0c2a-b1fd-e29e47d31c55', '00000000-0000-0000-2026-000000000010', '4419142', 'Akshay Bhatia', 58),
  ('ae13cfe6-124a-b393-a392-f8e475345f5e', 'f3a705ac-5807-0c2a-b1fd-e29e47d31c55', '00000000-0000-0000-2026-000000000011', '10592', 'Collin Morikawa', 8),
  ('e82fe7bf-b2e0-0583-cde0-39a0ebb51cc3', 'f3a705ac-5807-0c2a-b1fd-e29e47d31c55', '00000000-0000-0000-2026-000000000012', '3550', 'Gary Woodland', 68),
  ('275f015f-670d-2770-05e7-2defcf71f8e8', 'f3a705ac-5807-0c2a-b1fd-e29e47d31c55', '00000000-0000-0000-2026-000000000013', '4425906', 'Cam Young', 37),
  ('19c7d421-8706-c954-819c-77f23b0c4b4f', 'f3a705ac-5807-0c2a-b1fd-e29e47d31c55', '00000000-0000-0000-2026-000000000014', '9037', 'Matt Fitzpatrick', 23),
  ('b6df5099-3095-bf10-4b79-914d65c6fe4a', 'ade8948c-cbd9-f01b-ae2c-604d667c9651', '00000000-0000-0000-2026-000000000001', '10364', 'Kurt Kitayama', 0),
  ('cc865156-f6a9-6d12-724a-16c56c43097a', 'ade8948c-cbd9-f01b-ae2c-604d667c9651', '00000000-0000-0000-2026-000000000002', '9530', 'Mav mcnealy', 75),
  ('fbe051ee-4dd2-aeb3-397d-26c1c765079d', 'ade8948c-cbd9-f01b-ae2c-604d667c9651', '00000000-0000-0000-2026-000000000003', NULL, 'Theegala', 4),
  ('1f76e1be-982e-8fb7-3cc0-7ea303edf40b', 'ade8948c-cbd9-f01b-ae2c-604d667c9651', '00000000-0000-0000-2026-000000000004', NULL, 'Hovland', 9),
  ('d60b2624-aa32-f871-9a42-be8ba65fbae8', 'ade8948c-cbd9-f01b-ae2c-604d667c9651', '00000000-0000-0000-2026-000000000005', NULL, 'Mr sheffler', 105),
  ('aa253bb0-8519-347b-7b1a-a4ff1434fddb', 'ade8948c-cbd9-f01b-ae2c-604d667c9651', '00000000-0000-0000-2026-000000000006', NULL, 'Fleetwood', 14),
  ('19e453ae-5df5-f2cd-9a6e-d6cdb4ca38c4', 'ade8948c-cbd9-f01b-ae2c-604d667c9651', '00000000-0000-0000-2026-000000000007', '7081', 'Si woo kim', 13),
  ('1b9ca848-c89b-ee33-02f6-b75c290209fc', 'ade8948c-cbd9-f01b-ae2c-604d667c9651', '00000000-0000-0000-2026-000000000008', '9938', 'Sam Burns', 37),
  ('beaf85f5-08a9-abe3-23f5-431f27c74011', 'ade8948c-cbd9-f01b-ae2c-604d667c9651', '00000000-0000-0000-2026-000000000009', '10046', 'Bryson dechambeau', 0),
  ('d290f257-46f5-1111-e8d0-2e05bdcc1af7', 'ade8948c-cbd9-f01b-ae2c-604d667c9651', '00000000-0000-0000-2026-000000000010', '5409', 'Russ henley', 35),
  ('84aff6bf-861f-041f-ee66-c9afe0debdf9', 'ade8948c-cbd9-f01b-ae2c-604d667c9651', '00000000-0000-0000-2026-000000000011', '4410932', 'Min woo lee', 56),
  ('0221e2ce-a16d-e680-2950-2beaa82991f2', 'ade8948c-cbd9-f01b-ae2c-604d667c9651', '00000000-0000-0000-2026-000000000012', NULL, '', 0),
  ('767e22ba-25ac-bdba-df96-8f4174171442', 'ade8948c-cbd9-f01b-ae2c-604d667c9651', '00000000-0000-0000-2026-000000000013', NULL, 'Matt Fitz', 90),
  ('041ac86a-30bb-4f92-d80c-cdc38c4b7d4e', 'ade8948c-cbd9-f01b-ae2c-604d667c9651', '00000000-0000-0000-2026-000000000014', '4404992', 'Ben griffin', 0)
  on conflict (entry_id, tournament_id) do nothing;
